customer_id,avg_monthly_orders,total_purchase_amount,avg_order_value,payment_delay_days_avg,payment_delay_days_max,credit_limit,credit_utilization_pct,num_invoices,num_disputed_invoices,dispute_rate,days_since_first_order,order_frequency_per_month,lead_time_variance,num_late_payments,late_payment_rate,default_flag
CUST00001,32.3,173803.24,448.41,16.5,40.0,1499000.0,81.2,144,2,1.39,1239,8.73,0.7,6,11.63,0
CUST00002,28.5,3594297.08,10509.64,42.1,75.0,953000.0,33.4,6,0,0.0,1459,8.74,6.9,6,47.86,0
CUST00003,5.5,528746.07,8011.3,50.8,93.0,1634000.0,87.6,142,3,2.11,805,2.04,7.3,20,30.93,1
CUST00004,29.3,3537630.59,10061.52,2.7,29.0,650000.0,9.6,64,1,1.56,808,5.92,15.9,11,8.13,0
CUST00005,33.8,3524010.55,8688.39,41.0,47.0,1306000.0,64.1,67,2,2.99,976,7.9,24.7,20,34.41,0
CUST00006,16.9,3853152.21,18999.76,3.4,99.0,1630000.0,48.1,21,1,4.76,1191,17.59,7.9,20,24.96,0
CUST00007,32.5,757214.37,1941.58,8.4,92.0,1124000.0,89.6,114,18,15.79,847,7.56,24.9,4,25.48,0
CUST00008,3.3,592763.2,14968.77,37.6,103.0,902000.0,7.6,102,19,18.63,988,10.82,24.3,27,47.12,1
CUST00009,6.6,4429702.83,55930.59,45.1,103.0,746000.0,35.2,45,7,15.56,36,19.1,21.9,8,48.59,1
CUST00010,25.9,576733.57,1855.64,37.5,107.0,1065000.0,23.9,100,5,5.0,1134,19.09,23.1,29,0.03,0
CUST00011,2.0,4649038.15,193709.92,52.7,109.0,684000.0,7.0,150,30,20.0,191,2.17,12.1,2,48.9,1
CUST00012,7.2,3315766.57,38376.93,56.8,67.0,1103000.0,72.8,59,8,13.56,1576,14.73,5.0,9,19.95,1
CUST00013,19.3,4503089.72,19443.39,27.1,50.0,222000.0,2.5,146,7,4.79,1235,4.79,1.8,20,2.94,0
CUST00014,2.5,1685621.02,56187.37,30.8,56.0,1022000.0,64.7,190,36,18.95,1210,9.72,19.6,25,20.35,1
CUST00015,33.3,1803772.95,4513.95,24.7,107.0,203000.0,78.4,170,6,3.53,154,8.35,8.5,27,5.46,0
CUST00016,27.3,743902.37,2270.76,11.0,61.0,1762000.0,9.0,145,3,2.07,133,13.22,13.5,0,48.45,0
CUST00017,42.6,873240.0,1708.22,29.1,49.0,862000.0,7.0,102,0,0.0,829,5.67,19.6,14,14.26,0
CUST00018,36.8,3927639.57,8894.11,39.7,79.0,461000.0,26.1,19,0,0.0,1561,6.62,1.3,15,25.14,0
CUST00019,8.7,4805855.57,46033.1,4.8,26.0,1231000.0,81.0,65,6,9.23,275,18.86,14.2,18,29.73,0
CUST00020,21.5,2939177.83,11392.16,31.4,114.0,488000.0,85.9,66,4,6.06,840,3.05,16.1,14,15.81,1
CUST00021,4.6,2318513.34,42002.05,59.9,120.0,239000.0,25.6,72,2,2.78,744,17.68,22.0,11,14.25,0
CUST00022,27.6,1547459.86,4672.28,59.0,108.0,1105000.0,80.1,146,9,6.16,1388,2.52,22.0,8,5.77,0
CUST00023,28.1,1398123.65,4146.27,36.3,96.0,487000.0,76.1,72,8,11.11,1030,5.4,22.7,1,4.61,1
CUST00024,14.6,67551.16,385.57,46.3,93.0,598000.0,88.9,146,22,15.07,905,11.44,2.8,30,44.16,1
CUST00025,27.7,4181245.35,12578.96,35.0,48.0,342000.0,37.0,15,2,13.33,460,13.8,16.7,11,39.01,1
CUST00026,20.9,3122274.48,12449.26,9.3,112.0,1743000.0,117.1,50,6,12.0,80,4.0,23.1,25,46.54,1
CUST00027,43.3,4063209.12,7819.88,16.0,98.0,305000.0,104.7,125,7,5.6,438,16.42,11.5,9,41.03,1
CUST00028,11.9,3317164.25,23229.44,23.9,51.0,232000.0,92.8,94,16,17.02,848,13.75,21.1,10,46.96,1
CUST00029,48.5,933910.69,1604.66,57.8,74.0,306000.0,52.1,191,20,10.47,923,12.32,12.8,12,44.98,1
CUST00030,3.2,2208484.7,57512.62,31.2,103.0,1405000.0,112.8,193,12,6.22,775,8.91,23.7,29,16.51,1
CUST00031,42.6,3612783.6,7067.26,18.0,50.0,876000.0,48.3,80,4,5.0,422,8.7,23.5,21,37.41,0
CUST00032,28.9,2060072.09,5940.23,50.0,71.0,499000.0,94.3,160,20,12.5,982,9.11,16.9,16,23.66,1
CUST00033,40.0,889972.41,1854.11,5.1,64.0,1303000.0,40.2,197,15,7.61,1407,6.55,20.2,4,1.22,0
CUST00034,24.3,4256201.59,14596.03,4.4,52.0,1297000.0,23.3,183,24,13.11,1042,8.29,3.7,22,0.28,0
CUST00035,38.7,577607.12,1243.77,25.5,42.0,1920000.0,62.2,17,1,5.88,1767,2.87,3.3,14,33.38,1
CUST00036,30.2,4752696.06,13114.5,53.5,94.0,1467000.0,60.6,145,14,9.66,355,15.0,11.9,8,37.59,1
CUST00037,14.6,3899490.43,22257.37,29.1,51.0,936000.0,85.6,65,4,6.15,717,6.73,13.5,4,7.54,0
CUST00038,8.5,1109066.74,10873.2,24.9,56.0,985000.0,7.5,112,12,10.71,1606,11.89,17.4,27,44.03,1
CUST00039,24.4,4716571.2,16108.51,17.9,58.0,1794000.0,100.3,142,23,16.2,1534,11.15,15.1,7,24.41,1
CUST00040,24.8,1974843.16,6635.9,40.1,104.0,1476000.0,100.9,37,0,0.0,836,12.04,16.6,2,32.14,1
CUST00041,23.6,298908.94,1055.47,22.7,43.0,721000.0,91.3,102,8,7.84,1570,19.05,10.5,26,4.1,0
CUST00042,27.4,4999543.75,15205.43,21.0,85.0,1584000.0,78.2,198,1,0.51,536,4.39,0.5,4,11.93,0
CUST00043,6.6,4741397.26,59866.13,27.9,52.0,801000.0,72.7,196,7,3.57,1622,16.48,24.1,3,28.93,1
CUST00044,29.2,4544729.45,12970.12,22.5,114.0,477000.0,71.1,165,15,9.09,238,14.1,7.5,21,30.02,0
CUST00045,49.2,3924044.96,6646.42,20.8,63.0,804000.0,60.7,92,0,0.0,1769,8.69,12.3,13,48.04,0
CUST00046,41.6,3551177.79,7113.74,26.1,95.0,1934000.0,32.4,142,24,16.9,1020,9.57,20.6,18,13.42,1
CUST00047,41.7,478981.35,957.2,52.9,69.0,983000.0,73.2,102,10,9.8,88,10.14,8.1,15,10.61,1
CUST00048,17.7,4407583.9,20751.34,42.1,64.0,119000.0,113.8,26,1,3.85,1504,8.43,13.9,7,34.53,1
CUST00049,25.1,3975017.7,13197.27,5.6,31.0,1414000.0,36.7,153,11,7.19,999,11.29,8.6,23,27.52,0
CUST00050,23.2,1567783.81,5631.41,13.8,90.0,700000.0,89.1,200,11,5.5,422,4.72,12.1,23,29.48,0
CUST00051,30.2,4903527.62,13530.71,50.0,71.0,786000.0,36.3,186,34,18.28,289,5.85,24.4,17,14.61,1
CUST00052,32.3,3776321.27,9742.83,6.2,8.0,640000.0,57.4,92,5,5.43,135,5.42,21.5,3,41.11,0
CUST00053,4.6,3165756.25,57350.66,3.2,21.0,1169000.0,36.5,68,1,1.47,1172,15.41,15.2,25,30.92,0
CUST00054,19.6,4547096.67,19332.89,17.8,78.0,915000.0,68.2,20,4,20.0,1545,2.44,19.1,20,10.55,0
CUST00055,8.7,910377.06,8720.09,4.5,5.0,956000.0,71.3,79,1,1.27,504,6.12,7.1,27,22.7,0
CUST00056,46.3,3949748.73,7108.98,37.5,92.0,1874000.0,51.0,144,7,4.86,1356,3.41,6.6,4,3.57,0
CUST00057,16.1,3757340.72,19447.93,34.2,59.0,336000.0,82.6,184,25,13.59,587,10.26,12.3,2,29.9,1
CUST00058,37.0,3038382.52,6843.2,1.6,29.0,1381000.0,103.3,155,1,0.65,1596,13.61,6.7,1,38.16,0
CUST00059,26.4,2239035.55,7067.66,16.7,120.0,928000.0,97.7,28,3,10.71,742,8.46,8.0,3,42.89,1
CUST00060,35.0,1476678.09,3515.9,56.7,108.0,1145000.0,54.6,85,8,9.41,692,2.76,19.3,27,25.73,1
CUST00061,33.2,2735838.29,6867.06,24.8,43.0,787000.0,90.8,165,28,16.97,1586,1.51,6.7,4,46.38,1
CUST00062,35.2,651059.11,1541.33,58.4,96.0,555000.0,19.0,146,0,0.0,1161,8.46,5.6,26,45.65,0
CUST00063,6.8,4169108.71,51092.02,29.9,94.0,1067000.0,32.8,128,15,11.72,529,9.41,3.6,6,46.09,1
CUST00064,44.1,4326933.33,8176.37,16.6,98.0,888000.0,112.1,134,8,5.97,1710,0.55,18.2,26,29.35,1
CUST00065,25.0,785547.32,2618.49,32.3,63.0,1149000.0,65.2,121,10,8.26,416,19.63,6.0,12,11.68,0
CUST00066,3.1,3736290.5,100437.92,42.3,105.0,834000.0,79.6,171,9,5.26,1044,19.31,3.2,30,29.51,1
CUST00067,43.8,2229515.74,4241.85,31.6,72.0,1473000.0,49.2,172,9,5.23,183,9.66,24.2,10,31.16,1
CUST00068,4.9,1676399.67,28510.2,40.5,83.0,1913000.0,75.2,199,31,15.58,1138,1.2,1.7,20,34.22,1
CUST00069,12.1,497377.69,3425.47,58.7,105.0,1437000.0,12.1,47,4,8.51,89,1.4,19.9,9,17.92,1
CUST00070,13.0,2089656.16,13395.23,40.9,55.0,433000.0,73.1,102,19,18.63,1429,5.2,22.8,4,11.61,1
CUST00071,23.5,3350861.55,11882.49,53.9,85.0,647000.0,65.6,23,3,13.04,737,19.76,7.5,30,21.22,0
CUST00072,42.4,1036124.15,2036.41,23.1,70.0,551000.0,68.6,152,9,5.92,1462,6.26,24.4,21,19.79,0
CUST00073,43.4,3902642.5,7493.55,58.4,114.0,1516000.0,99.9,78,7,8.97,1273,16.14,5.5,6,31.04,1
CUST00074,36.3,3312948.62,7605.48,50.3,94.0,1816000.0,77.6,84,14,16.67,98,11.8,18.3,2,45.48,1
CUST00075,21.4,1043934.23,4065.16,47.2,111.0,795000.0,60.2,74,13,17.57,366,5.51,20.6,15,48.37,1
CUST00076,43.6,4030951.07,7704.42,28.1,35.0,1533000.0,27.1,178,25,14.04,1762,16.19,9.1,25,19.73,0
CUST00077,7.1,1874499.01,22001.16,44.9,65.0,824000.0,76.6,100,3,3.0,1412,5.06,0.6,28,47.16,0
CUST00078,30.9,3255879.28,8780.69,38.1,76.0,1432000.0,77.9,34,1,2.94,122,18.95,7.6,15,5.81,0
CUST00079,27.3,1973796.86,6025.02,22.3,115.0,1423000.0,64.8,155,9,5.81,879,13.27,20.8,19,20.41,1
CUST00080,2.6,1884123.3,60388.57,26.6,115.0,1725000.0,11.9,180,23,12.78,1145,18.08,16.1,1,19.91,0
CUST00081,7.0,4247764.28,50568.62,27.3,89.0,1319000.0,71.7,10,0,0.0,1641,7.0,24.7,25,28.23,0
CUST00082,38.5,1075428.98,2327.77,13.0,106.0,724000.0,17.7,157,0,0.0,597,17.24,3.6,4,27.01,0
CUST00083,6.4,4338917.05,56496.32,7.9,48.0,1598000.0,70.7,9,0,0.0,573,1.52,18.5,16,5.68,0
CUST00084,23.0,1842092.92,6674.25,35.6,74.0,521000.0,73.8,191,33,17.28,647,9.43,24.1,1,49.93,1
CUST00085,21.9,584411.06,2223.79,42.7,77.0,1809000.0,38.7,42,1,2.38,288,5.86,15.8,17,35.61,1
CUST00086,30.3,1509743.84,4152.21,30.3,69.0,1607000.0,13.7,172,13,7.56,910,9.31,5.7,10,41.37,1
CUST00087,36.8,1597114.33,3616.65,18.8,45.0,1912000.0,82.4,126,2,1.59,216,16.72,2.3,3,37.23,0
CUST00088,7.4,346905.84,3906.6,57.4,93.0,1373000.0,49.3,175,27,15.43,1506,1.5,7.2,9,17.58,1
CUST00089,11.4,3300844.7,24128.98,13.5,25.0,1706000.0,44.1,200,17,8.5,1205,4.91,10.7,17,48.73,0
CUST00090,31.1,3231360.86,8658.52,1.6,112.0,1676000.0,32.1,51,4,7.84,1469,15.37,23.0,11,0.31,0
CUST00091,28.7,2033882.5,5905.58,8.5,79.0,158000.0,89.5,60,6,10.0,889,9.35,3.9,9,36.08,1
CUST00092,28.8,470537.35,1361.51,3.2,22.0,1274000.0,80.9,74,7,9.46,1385,8.77,15.2,13,13.66,0
CUST00093,6.6,2178072.49,27500.92,17.0,87.0,1025000.0,80.1,16,1,6.25,839,19.7,1.4,6,15.07,0
CUST00094,7.7,1314821.54,14229.67,19.7,20.0,1519000.0,21.1,102,17,16.67,1471,4.99,14.0,21,40.31,0
CUST00095,43.2,259396.19,500.38,1.1,111.0,1738000.0,69.1,151,12,7.95,1483,12.98,7.2,12,1.04,0
CUST00096,40.3,3109720.05,6430.36,49.9,114.0,267000.0,101.3,67,6,8.96,1236,8.31,2.0,27,15.51,1
CUST00097,17.3,882256.9,4249.79,30.6,41.0,1069000.0,108.7,94,11,11.7,1519,19.19,16.1,4,11.81,1
CUST00098,10.7,3031874.98,23612.73,45.6,94.0,437000.0,92.7,131,14,10.69,1575,11.49,14.5,21,46.21,1
CUST00099,32.1,3141382.81,8155.2,51.9,95.0,387000.0,8.2,118,20,16.95,650,16.03,14.8,11,25.37,0
CUST00100,23.1,331605.75,1196.27,49.9,55.0,1742000.0,102.6,162,32,19.75,817,9.52,13.9,25,36.95,1
CUST00101,45.5,2879700.6,5274.18,11.3,77.0,1053000.0,114.9,120,3,2.5,1690,18.03,8.6,22,4.22,0
CUST00102,2.9,3552727.44,102089.87,59.5,91.0,1259000.0,43.7,77,12,15.58,867,15.6,17.0,1,39.46,1
CUST00103,4.2,517804.44,10273.9,40.7,63.0,1475000.0,78.8,159,9,5.66,712,2.09,16.6,29,17.49,1
CUST00104,35.2,1990192.02,4711.63,35.7,115.0,688000.0,45.2,89,4,4.49,1402,14.21,23.7,21,45.62,0
CUST00105,33.9,2567018.01,6310.27,1.1,38.0,1907000.0,41.0,129,6,4.65,493,20.0,3.9,9,42.22,0
CUST00106,38.8,4183843.14,8985.92,53.0,56.0,740000.0,92.0,38,6,15.79,345,3.66,20.8,24,31.24,1
CUST00107,36.3,266277.52,611.29,21.9,92.0,1942000.0,73.3,197,28,14.21,509,10.91,7.7,25,39.22,1
CUST00108,10.5,3407618.78,27044.59,34.2,72.0,1562000.0,93.4,133,16,12.03,887,19.34,20.4,25,30.23,1
CUST00109,3.6,2428923.74,56225.09,22.3,114.0,1452000.0,61.9,36,4,11.11,201,15.38,6.8,28,25.67,1
CUST00110,5.5,4556999.52,69045.45,49.0,112.0,1868000.0,49.8,106,16,15.09,795,5.1,24.9,11,11.23,0
CUST00111,5.9,3587786.15,50674.95,20.1,35.0,173000.0,110.1,125,22,17.6,1732,3.21,17.6,14,30.77,1
CUST00112,1.9,1117490.99,49012.76,9.0,113.0,1257000.0,50.8,78,7,8.97,646,2.88,6.0,20,39.69,0
CUST00113,6.4,4530477.08,58990.59,35.8,37.0,1079000.0,29.0,41,4,9.76,909,0.53,8.8,18,20.83,1
CUST00114,5.2,4874539.73,78117.62,4.1,65.0,1064000.0,118.6,146,0,0.0,829,17.53,1.1,12,49.05,0
CUST00115,1.8,3953174.08,183017.32,20.7,93.0,1294000.0,92.6,193,21,10.88,303,1.36,13.7,26,32.14,1
CUST00116,34.5,4905054.97,11847.96,28.7,45.0,356000.0,85.9,122,1,0.82,630,4.43,19.8,28,2.1,0
CUST00117,26.3,4946157.38,15672.24,32.6,55.0,1531000.0,22.9,96,1,1.04,1372,6.97,3.1,11,21.85,0
CUST00118,22.5,4784569.65,17720.63,20.3,39.0,1415000.0,44.1,137,8,5.84,1670,2.11,10.6,13,30.12,1
CUST00119,27.7,1639996.57,4933.8,4.8,81.0,682000.0,72.3,114,5,4.39,1442,9.16,11.2,23,43.5,0
CUST00120,49.9,1409049.03,2353.12,58.8,117.0,243000.0,76.5,98,16,16.33,1670,15.12,4.0,0,7.14,1
CUST00121,39.3,222254.88,471.28,4.0,94.0,796000.0,45.9,150,1,0.67,1269,3.49,11.2,11,18.6,0
CUST00122,29.1,2670826.41,7648.41,23.9,86.0,574000.0,13.6,193,11,5.7,1052,10.6,22.8,3,13.09,0
CUST00123,22.9,4982007.31,18129.58,17.1,111.0,1033000.0,14.7,23,3,13.04,383,18.02,11.1,2,40.53,1
CUST00124,49.3,3355806.96,5672.43,42.6,85.0,652000.0,36.0,45,2,4.44,1655,7.55,5.6,6,39.6,0
CUST00125,25.2,1836437.8,6072.88,34.3,74.0,1968000.0,15.6,27,0,0.0,663,8.26,17.9,15,26.28,1
CUST00126,41.3,415066.03,837.5,58.3,98.0,955000.0,81.6,93,4,4.3,1727,15.72,16.0,5,38.39,1
CUST00127,25.6,4347647.56,14152.5,49.9,86.0,678000.0,19.4,186,14,7.53,738,18.98,13.0,9,42.3,0
CUST00128,32.1,2776665.01,7208.37,7.5,42.0,1114000.0,60.3,48,9,18.75,1219,3.51,16.5,23,45.1,1
CUST00129,46.3,253911.8,457.0,51.8,57.0,1902000.0,92.5,72,10,13.89,461,15.46,10.4,20,1.51,1
CUST00130,27.7,3227441.08,9709.51,18.1,43.0,1634000.0,48.7,121,2,1.65,1440,1.67,11.0,15,23.22,0
CUST00131,8.0,4314351.13,44941.16,19.2,119.0,756000.0,47.8,199,23,11.56,1084,11.45,8.0,14,6.13,0
CUST00132,7.9,300496.19,3169.79,56.7,111.0,894000.0,115.5,45,5,11.11,1213,14.56,4.7,5,24.91,1
CUST00133,25.4,1577275.39,5174.79,1.4,114.0,1060000.0,116.0,60,9,15.0,752,1.45,7.0,19,44.12,1
CUST00134,24.1,2706619.21,9358.99,50.8,81.0,1777000.0,87.3,200,25,12.5,779,1.38,1.3,17,9.73,1
CUST00135,4.6,2546064.87,46124.36,45.9,67.0,1979000.0,81.6,35,2,5.71,228,8.18,19.9,10,27.89,1
CUST00136,8.1,3032191.61,31195.39,24.1,28.0,174000.0,85.6,126,16,12.7,965,3.4,22.3,4,16.4,1
CUST00137,9.0,4953547.9,45866.18,44.4,67.0,739000.0,99.4,141,15,10.64,1481,11.48,11.9,0,18.42,1
CUST00138,49.0,2939325.6,4998.85,47.8,100.0,1407000.0,3.2,126,8,6.35,1372,15.77,19.4,18,11.38,0
CUST00139,24.5,2644950.05,8996.43,43.3,103.0,822000.0,98.6,67,0,0.0,1202,18.99,2.7,0,22.05,1
CUST00140,21.2,1059263.83,4163.77,30.1,85.0,996000.0,101.8,191,3,1.57,1475,3.19,5.2,10,49.91,1
CUST00141,19.5,4785593.19,20451.25,27.6,77.0,1138000.0,81.1,189,16,8.47,1279,9.94,23.9,8,27.9,0
CUST00142,48.7,1523192.1,2606.42,17.3,39.0,1439000.0,38.0,94,17,18.09,1658,14.57,7.2,18,33.83,1
CUST00143,49.0,4100968.43,6974.44,57.3,108.0,652000.0,34.5,187,5,2.67,739,18.52,16.4,23,23.95,0
CUST00144,27.4,4668468.47,14198.51,41.8,53.0,1270000.0,70.4,67,0,0.0,1401,18.15,5.6,7,2.62,0
CUST00145,36.2,547697.28,1260.81,46.2,47.0,1146000.0,111.5,109,20,18.35,1004,9.81,5.0,30,14.36,1
CUST00146,3.9,3855188.72,82375.83,39.1,58.0,1504000.0,102.0,14,0,0.0,885,17.7,4.4,29,1.82,1
CUST00147,39.6,972242.58,2045.97,44.9,110.0,650000.0,4.5,81,3,3.7,716,6.05,24.7,17,26.22,1
CUST00148,7.6,2545852.73,27915.05,16.4,100.0,728000.0,87.7,170,16,9.41,1501,4.13,18.4,25,14.75,1
CUST00149,10.5,3074224.77,24398.61,38.3,71.0,913000.0,39.4,107,21,19.63,225,4.1,3.5,10,46.79,1
CUST00150,19.8,2261340.83,9517.43,16.0,50.0,1207000.0,68.7,71,10,14.08,766,14.01,1.6,3,23.27,0
CUST00151,34.6,4619374.77,11125.66,53.3,105.0,1412000.0,76.6,80,11,13.75,1288,4.81,23.9,15,7.66,1
CUST00152,30.7,2108435.8,5723.22,33.0,74.0,1121000.0,79.7,60,12,20.0,536,13.77,14.9,25,4.09,1
CUST00153,35.5,436608.47,1024.9,33.9,39.0,1141000.0,60.7,151,17,11.26,336,3.71,21.4,14,5.81,0
CUST00154,29.6,500161.14,1408.11,30.6,103.0,962000.0,61.6,121,18,14.88,148,11.4,16.8,9,36.16,1
CUST00155,41.0,3741732.19,7605.15,34.7,39.0,755000.0,7.7,20,0,0.0,996,1.12,10.2,24,6.77,0
CUST00156,36.7,4820723.71,10946.24,22.5,109.0,952000.0,110.1,101,12,11.88,194,13.81,16.5,17,6.65,1
CUST00157,6.8,4964591.54,60840.58,23.6,36.0,1960000.0,100.2,198,1,0.51,641,9.53,18.0,13,26.6,1
CUST00158,13.1,1763490.69,11218.13,16.5,114.0,1478000.0,13.5,174,26,14.94,1289,15.44,22.1,0,12.03,0
CUST00159,30.1,2259883.28,6256.6,40.3,110.0,565000.0,5.3,117,7,5.98,1135,4.74,21.6,1,7.01,1
CUST00160,12.5,4586165.31,30574.44,34.6,84.0,1568000.0,98.2,65,4,6.15,323,19.72,13.0,13,15.03,1
CUST00161,47.5,4404583.76,7727.34,54.7,96.0,912000.0,59.5,93,12,12.9,1639,10.73,17.4,13,7.46,1
CUST00162,38.0,2393918.16,5249.82,51.0,72.0,1444000.0,96.7,19,3,15.79,883,11.37,3.4,7,12.75,1
CUST00163,4.9,2276444.79,38715.05,22.3,75.0,1676000.0,6.2,101,19,18.81,1264,1.27,1.8,25,38.08,1
CUST00164,28.4,2423001.32,7109.75,52.2,75.0,1918000.0,1.8,53,1,1.89,1559,19.99,12.0,7,34.78,1
CUST00165,20.4,1234688.25,5043.66,19.3,48.0,986000.0,77.8,83,8,9.64,766,10.5,12.4,3,40.14,1
CUST00166,38.3,1635154.76,3557.78,12.2,46.0,187000.0,103.7,194,9,4.64,63,5.59,23.4,18,36.0,0
CUST00167,10.6,1188592.2,9344.28,34.2,55.0,1146000.0,113.2,91,8,8.79,1593,16.52,24.2,20,36.98,1
CUST00168,36.9,1793272.03,4049.85,8.4,69.0,450000.0,106.7,169,3,1.78,1103,1.16,21.2,30,40.9,1
CUST00169,1.3,730583.08,46832.25,37.8,43.0,387000.0,26.2,121,11,9.09,153,12.55,16.7,19,45.64,1
CUST00170,1.8,2684451.8,124280.18,24.7,26.0,1472000.0,64.3,78,0,0.0,1058,16.36,16.9,25,46.99,0
CUST00171,46.0,2645707.74,4792.95,14.5,80.0,580000.0,42.5,106,2,1.89,794,19.21,11.5,7,49.51,0
CUST00172,34.5,4246942.16,10258.31,39.2,109.0,1543000.0,11.2,102,12,11.76,1161,9.78,15.9,22,8.57,1
CUST00173,22.3,3932662.74,14696.05,34.0,108.0,281000.0,63.4,15,1,6.67,462,18.07,17.3,18,23.78,0
CUST00174,4.6,4631644.81,83906.61,54.0,91.0,163000.0,111.5,85,0,0.0,454,11.95,18.8,22,41.05,1
CUST00175,15.7,2841593.09,15082.77,34.0,107.0,1386000.0,64.9,103,4,3.88,1648,19.78,18.1,16,37.27,1
CUST00176,5.8,1199112.82,17228.63,4.6,74.0,1266000.0,71.5,88,0,0.0,1328,5.83,24.8,15,11.41,0
CUST00177,19.4,969402.34,4164.1,35.2,67.0,1567000.0,35.4,68,11,16.18,180,2.1,3.9,22,39.19,1
CUST00178,20.1,1835466.13,7609.73,5.5,113.0,945000.0,91.4,31,1,3.23,208,4.15,11.2,17,25.62,0
CUST00179,5.4,2793388.04,43107.84,35.8,102.0,1741000.0,1.5,110,12,10.91,1625,2.15,22.5,28,49.64,1
CUST00180,26.5,3442314.16,10824.89,10.2,40.0,610000.0,17.5,47,6,12.77,595,8.71,12.1,2,18.06,0
CUST00181,36.3,2504222.06,5748.9,37.0,75.0,357000.0,0.8,106,10,9.43,1753,12.59,20.1,10,22.01,1
CUST00182,41.4,3272632.45,6587.42,35.7,61.0,1246000.0,83.4,127,10,7.87,393,19.31,24.2,9,36.74,1
CUST00183,48.4,3920773.13,6750.64,19.6,48.0,1593000.0,43.8,149,6,4.03,1242,19.95,4.5,24,27.5,0
CUST00184,23.6,3556416.9,12557.97,26.3,54.0,1416000.0,98.3,109,21,19.27,1052,3.21,7.6,8,32.93,1
CUST00185,39.7,416127.42,873.48,59.4,88.0,862000.0,60.8,182,26,14.29,1143,1.22,24.2,22,44.78,1
CUST00186,32.3,470660.57,1214.29,46.1,95.0,775000.0,77.6,16,3,18.75,1571,6.97,19.9,3,0.53,1
CUST00187,26.0,2618048.95,8391.18,34.8,84.0,947000.0,46.9,178,32,17.98,338,7.23,0.6,3,14.77,1
CUST00188,5.2,4165022.84,66747.16,43.8,70.0,752000.0,94.1,138,15,10.87,743,9.79,11.0,22,22.62,1
CUST00189,3.2,3568356.0,92925.94,1.4,42.0,308000.0,96.0,194,15,7.73,1086,3.9,4.0,17,21.32,0
CUST00190,40.1,3167313.58,6582.11,11.2,83.0,852000.0,88.5,55,7,12.73,1242,8.88,0.1,6,10.29,0
CUST00191,40.6,359690.57,738.28,6.1,105.0,455000.0,39.1,122,3,2.46,567,13.58,12.2,30,31.96,0
CUST00192,31.0,2955673.34,7945.36,20.9,105.0,1273000.0,97.6,185,19,10.27,1288,12.01,16.8,10,5.89,1
CUST00193,10.0,3482510.88,29020.92,30.6,68.0,362000.0,46.0,52,7,13.46,1331,10.98,23.0,29,49.99,1
CUST00194,25.0,744467.85,2481.56,18.9,64.0,202000.0,43.1,7,1,14.29,309,4.31,9.6,17,25.27,0
CUST00195,34.6,2107370.65,5075.56,50.4,84.0,257000.0,3.7,199,14,7.04,628,1.14,5.6,9,8.41,0
CUST00196,37.4,3841301.8,8559.05,33.0,43.0,317000.0,93.0,98,17,17.35,1714,15.26,19.0,14,27.32,1
CUST00197,6.0,4158850.05,57761.81,45.1,67.0,1999000.0,54.0,94,2,2.13,929,17.37,2.9,25,11.85,0
CUST00198,29.8,1785622.66,4993.35,42.6,92.0,415000.0,16.7,57,3,5.26,1679,1.66,8.8,8,29.84,0
CUST00199,49.0,1498541.75,2548.54,34.4,116.0,1077000.0,108.0,29,1,3.45,1566,15.82,23.0,8,43.35,1
CUST00200,43.4,1285902.35,2469.09,42.7,107.0,1547000.0,81.1,130,4,3.08,1212,12.83,15.7,12,22.6,1
CUST00201,44.1,510819.18,965.27,30.9,56.0,1879000.0,44.3,129,10,7.75,1221,0.55,19.4,23,4.66,1
CUST00202,32.1,3501580.44,9090.29,51.0,106.0,856000.0,116.2,59,7,11.86,579,6.8,7.1,17,28.9,1
CUST00203,24.8,1751511.12,5885.45,41.0,45.0,289000.0,94.1,122,0,0.0,284,18.62,3.9,14,0.03,1
CUST00204,10.9,3458529.82,26441.36,7.9,81.0,402000.0,111.9,75,2,2.67,1370,7.53,2.1,21,45.19,0
CUST00205,20.4,1562270.76,6381.83,42.0,60.0,1345000.0,84.4,5,0,0.0,1006,2.02,14.8,16,34.0,0
CUST00206,35.1,4094689.68,9721.49,59.3,85.0,351000.0,8.5,103,2,1.94,1526,16.22,2.6,11,44.05,0
CUST00207,38.9,3778131.11,8093.68,8.0,119.0,371000.0,63.7,7,0,0.0,931,7.35,5.3,23,7.57,0
CUST00208,34.6,4306814.5,10372.87,5.2,17.0,1530000.0,70.7,103,11,10.68,909,6.63,3.5,8,32.23,0
CUST00209,30.4,3619839.21,9922.8,17.1,114.0,151000.0,101.6,82,6,7.32,1090,12.34,4.7,12,14.78,0
CUST00210,45.0,4775623.98,8843.75,29.7,40.0,1049000.0,71.3,140,28,20.0,54,19.74,23.3,4,19.34,1
CUST00211,21.6,2754463.29,10626.79,10.4,62.0,1976000.0,8.8,155,4,2.58,58,5.61,1.0,1,47.43,0
CUST00212,15.0,3577513.93,19875.08,46.0,77.0,864000.0,76.9,142,19,13.38,342,5.91,7.7,16,46.05,1
CUST00213,8.6,1667413.97,16157.11,35.2,100.0,1335000.0,77.2,84,13,15.48,1524,19.09,6.0,7,4.31,1
CUST00214,23.2,3063720.4,11004.74,18.6,94.0,1507000.0,14.3,186,8,4.3,1466,0.72,12.4,11,26.15,0
CUST00215,36.3,876466.62,2012.09,7.6,95.0,611000.0,106.4,12,1,8.33,1682,8.87,13.1,8,35.62,1
CUST00216,4.8,2303229.0,39986.61,21.6,71.0,1177000.0,44.1,70,12,17.14,240,17.94,16.9,3,11.42,0
CUST00217,3.2,4321496.05,112538.96,14.7,64.0,828000.0,18.0,14,2,14.29,1674,18.32,18.5,13,11.23,0
CUST00218,45.9,1633678.93,2966.01,49.6,90.0,327000.0,80.8,18,1,5.56,487,16.18,24.5,30,20.05,1
CUST00219,43.4,3878961.02,7448.08,18.6,27.0,968000.0,44.3,79,9,11.39,1544,12.64,11.6,18,48.59,1
CUST00220,39.0,3675693.52,7854.05,32.8,102.0,386000.0,111.9,11,0,0.0,1139,7.26,21.0,28,0.48,1
CUST00221,38.2,1912560.41,4172.25,44.3,68.0,490000.0,118.0,112,15,13.39,152,19.46,3.6,8,4.65,1
CUST00222,45.0,2622808.13,4857.05,42.1,71.0,1952000.0,10.2,29,4,13.79,303,12.93,9.9,18,28.39,1
CUST00223,48.2,1222020.09,2112.76,15.7,49.0,1622000.0,84.1,193,20,10.36,681,9.33,5.8,30,10.14,1
CUST00224,29.7,819282.23,2298.77,9.9,61.0,872000.0,64.3,58,7,12.07,661,9.54,21.3,2,7.88,0
CUST00225,41.5,3499546.02,7027.2,2.4,101.0,723000.0,10.9,68,5,7.35,841,10.51,16.9,8,41.0,0
CUST00226,47.7,4280276.46,7477.77,33.4,81.0,280000.0,12.2,40,1,2.5,54,1.7,19.5,7,6.54,1
CUST00227,19.2,3169972.87,13758.56,38.7,86.0,592000.0,97.5,10,0,0.0,434,18.1,11.1,4,4.6,1
CUST00228,40.6,656511.91,1347.52,56.5,60.0,1856000.0,52.0,190,25,13.16,1046,1.07,17.1,5,17.7,1
CUST00229,14.5,2257756.58,12975.61,8.9,77.0,1272000.0,77.7,132,13,9.85,1157,9.84,2.2,12,6.86,0
CUST00230,44.3,2652779.59,4990.18,37.8,104.0,1610000.0,118.7,187,22,11.76,1012,11.12,12.1,29,28.28,1
CUST00231,14.3,179011.69,1043.19,35.8,38.0,1640000.0,33.7,125,16,12.8,762,15.45,25.0,5,5.01,1
CUST00232,14.1,4090611.55,24176.19,55.0,59.0,1993000.0,26.3,104,11,10.58,1748,19.84,4.3,7,29.63,1
CUST00233,35.2,4574201.02,10829.07,1.7,85.0,1900000.0,67.6,149,6,4.03,1743,19.77,22.0,15,27.11,0
CUST00234,2.9,328031.49,9426.19,36.1,38.0,1008000.0,39.8,162,12,7.41,1681,3.04,17.9,29,40.12,1
CUST00235,3.9,781174.49,16691.76,42.3,53.0,311000.0,63.2,98,2,2.04,795,14.24,16.6,18,5.05,0
CUST00236,7.7,829644.24,8978.83,56.9,107.0,1925000.0,77.9,49,8,16.33,1450,17.85,15.3,11,11.16,1
CUST00237,9.6,1568774.99,13617.84,41.3,51.0,1485000.0,113.9,151,12,7.95,1772,19.89,24.1,1,9.1,1
CUST00238,40.6,3076336.7,6314.32,38.4,47.0,1043000.0,39.7,24,1,4.17,740,19.66,4.2,28,48.15,1
CUST00239,33.8,3659965.44,9023.58,20.1,21.0,498000.0,83.2,94,8,8.51,1641,2.61,0.0,12,21.91,0
CUST00240,9.2,2099394.86,19016.26,52.9,76.0,813000.0,99.5,152,20,13.16,1582,13.9,4.1,2,39.96,1
CUST00241,2.0,1342582.16,55940.92,6.3,45.0,1787000.0,19.3,24,4,16.67,220,7.09,24.6,28,24.14,0
CUST00242,47.2,866736.11,1530.25,53.4,64.0,292000.0,24.7,53,6,11.32,1457,11.31,23.1,17,13.26,0
CUST00243,12.6,295695.44,1955.66,34.3,106.0,392000.0,43.3,114,2,1.75,633,16.57,15.6,15,9.98,0
CUST00244,9.4,1494466.76,13248.82,4.9,102.0,686000.0,47.7,130,21,16.15,572,2.28,13.6,5,18.55,0
CUST00245,10.1,270853.78,2234.77,26.4,51.0,1690000.0,67.7,43,1,2.33,205,13.53,20.2,13,48.54,0
CUST00246,28.1,4211945.97,12490.94,49.1,79.0,1117000.0,104.0,126,18,14.29,512,9.79,2.0,28,42.7,1
CUST00247,29.0,2608246.11,7494.96,34.3,119.0,380000.0,113.9,119,5,4.2,372,19.46,20.2,4,2.13,0
CUST00248,34.5,1049500.44,2535.03,49.4,60.0,1231000.0,38.4,191,4,2.09,208,8.07,9.9,10,42.83,0
CUST00249,45.9,111200.8,201.89,42.0,88.0,1585000.0,13.5,43,2,4.65,1190,11.96,19.0,30,5.01,0
CUST00250,39.2,3939440.87,8374.66,52.0,112.0,1768000.0,31.7,172,31,18.02,1201,12.37,0.9,8,20.15,1
CUST00251,34.4,2038513.5,4938.26,23.7,108.0,1412000.0,5.9,126,8,6.35,792,0.89,20.4,9,15.55,1
CUST00252,43.1,3440017.53,6651.23,58.3,72.0,671000.0,89.2,87,8,9.2,1522,8.63,16.1,6,22.09,1
CUST00253,21.0,2448078.63,9714.6,31.0,64.0,207000.0,95.0,21,2,9.52,1483,10.38,3.4,27,26.21,1
CUST00254,9.5,4382143.75,38439.86,12.0,18.0,163000.0,6.1,97,6,6.19,591,7.68,11.6,12,31.77,0
CUST00255,2.5,1893710.47,63123.68,35.6,51.0,1754000.0,70.4,94,11,11.7,364,16.83,6.5,26,34.44,1
CUST00256,19.9,856391.66,3586.23,34.3,117.0,1729000.0,77.7,178,13,7.3,581,13.21,12.8,27,39.02,1
CUST00257,1.4,4562001.42,271547.7,38.8,88.0,116000.0,30.3,83,8,9.64,897,17.96,21.3,14,12.6,0
CUST00258,34.2,4130338.57,10064.18,23.8,34.0,1072000.0,79.5,100,17,17.0,1355,12.08,7.1,21,5.41,0
CUST00259,49.4,3220943.99,5433.44,51.7,70.0,1451000.0,107.1,81,6,7.41,337,10.59,6.0,1,40.27,1
CUST00260,30.4,3319625.1,9099.85,40.8,98.0,1345000.0,119.7,71,14,19.72,887,8.39,18.4,18,35.4,1
CUST00261,10.3,3646421.89,29501.8,13.3,70.0,1591000.0,108.8,176,22,12.5,1068,6.35,4.2,21,43.82,1
CUST00262,5.8,683323.49,9817.87,15.5,100.0,1550000.0,22.0,179,21,11.73,1370,2.24,8.9,23,43.57,1
CUST00263,44.5,1889828.03,3539.0,35.1,74.0,324000.0,6.4,167,4,2.4,997,17.84,12.5,27,34.03,0
CUST00264,21.2,4360703.27,17141.13,9.0,119.0,751000.0,118.5,122,4,3.28,677,17.32,4.5,2,24.38,0
CUST00265,9.7,3190769.9,27412.11,0.3,33.0,1546000.0,20.2,200,10,5.0,1032,15.81,19.5,4,30.72,0
CUST00266,20.8,4828372.81,19344.44,23.0,27.0,479000.0,44.8,8,1,12.5,1580,16.75,4.8,21,0.21,0
CUST00267,12.1,4391076.42,30241.57,18.7,29.0,1056000.0,36.7,21,0,0.0,640,19.0,11.4,16,29.82,0
CUST00268,44.5,4977588.43,9321.33,20.6,110.0,783000.0,22.6,108,0,0.0,497,4.87,24.6,6,36.7,0
CUST00269,9.3,1864627.68,16708.13,39.0,42.0,1765000.0,30.7,141,19,13.48,129,12.08,1.2,3,32.68,1
CUST00270,34.8,2113039.05,5059.96,22.8,76.0,1001000.0,18.4,182,0,0.0,646,8.71,2.5,16,13.5,0
CUST00271,7.7,4161730.97,45040.38,6.3,88.0,324000.0,13.7,32,3,9.38,436,12.38,19.4,26,26.16,0
CUST00272,35.5,1511988.44,3549.27,2.4,61.0,495000.0,112.0,89,7,7.87,35,0.75,2.2,3,41.76,1
CUST00273,8.3,495909.23,4979.01,30.7,95.0,292000.0,30.7,64,7,10.94,636,5.65,1.3,26,8.74,0
CUST00274,15.2,4017900.71,22027.96,18.8,94.0,280000.0,91.0,16,0,0.0,1774,3.2,16.2,10,17.88,1
CUST00275,31.5,4398453.91,11636.12,5.6,99.0,447000.0,48.1,121,8,6.61,1741,8.02,21.3,25,21.09,0
CUST00276,9.2,705932.3,6394.31,43.6,119.0,1704000.0,12.4,156,30,19.23,1673,11.59,11.0,19,18.99,1
CUST00277,2.4,3438097.46,119378.38,50.3,118.0,348000.0,110.4,33,3,9.09,932,1.4,6.5,10,0.62,1
CUST00278,26.7,3730937.87,11644.63,43.4,61.0,1916000.0,104.8,137,16,11.68,1439,14.16,2.4,21,36.33,1
CUST00279,33.5,3224952.04,8022.27,8.9,101.0,1795000.0,73.5,7,0,0.0,1065,17.05,21.3,27,8.27,0
CUST00280,16.7,1687929.47,8422.8,16.7,69.0,1146000.0,45.4,65,1,1.54,970,9.16,14.3,2,42.83,0
CUST00281,6.8,2511998.07,30784.29,39.2,47.0,883000.0,66.9,5,0,0.0,1651,12.28,15.5,9,44.51,1
CUST00282,33.1,2308229.22,5811.25,20.5,103.0,1652000.0,101.3,89,17,19.1,1601,12.59,11.8,21,18.16,1
CUST00283,5.8,3311605.76,47580.54,0.1,43.0,1304000.0,96.0,145,16,11.03,795,14.19,1.1,5,24.62,1
CUST00284,37.4,2075593.25,4624.76,15.3,36.0,329000.0,102.3,60,7,11.67,1718,15.74,17.9,3,37.86,1
CUST00285,32.0,3377101.77,8794.54,7.4,108.0,969000.0,70.7,134,4,2.99,1051,0.58,18.4,17,46.77,1
CUST00286,24.7,2566247.85,8658.06,55.3,67.0,1199000.0,87.7,37,1,2.7,823,13.32,15.2,10,25.21,1
CUST00287,49.0,4583755.7,7795.5,45.7,66.0,1931000.0,116.5,120,4,3.33,312,8.55,17.5,23,25.61,1
CUST00288,27.8,1603858.44,4807.73,44.2,86.0,513000.0,25.2,187,18,9.63,1436,7.23,16.8,22,32.5,1
CUST00289,25.7,3486844.27,11306.24,19.3,31.0,769000.0,57.6,151,30,19.87,1396,14.35,16.9,28,42.07,1
CUST00290,42.5,4051108.66,7943.35,31.4,34.0,376000.0,80.4,56,4,7.14,1566,15.82,24.6,21,12.53,1
CUST00291,34.8,1510945.8,3618.17,45.2,48.0,1647000.0,12.3,177,35,19.77,489,14.98,14.0,7,25.55,1
CUST00292,35.1,3480033.57,8262.19,2.8,48.0,891000.0,94.6,180,20,11.11,1160,1.55,18.6,6,31.03,1
CUST00293,43.6,4158418.24,7948.05,54.7,101.0,1331000.0,90.6,144,23,15.97,1265,4.33,18.1,6,14.71,1
CUST00294,34.5,975534.08,2356.36,10.4,67.0,817000.0,51.4,147,8,5.44,296,3.64,21.2,0,16.53,0
CUST00295,8.6,810831.75,7856.9,19.4,25.0,1872000.0,73.9,174,19,10.92,1034,15.9,13.8,2,39.2,1
CUST00296,11.8,960152.03,6780.73,4.1,63.0,890000.0,64.4,28,2,7.14,483,17.73,16.6,10,18.04,0
CUST00297,37.9,2675969.53,5883.84,59.8,109.0,1964000.0,1.1,176,22,12.5,942,5.19,16.1,29,31.06,1
CUST00298,34.4,1638638.2,3969.57,55.0,116.0,833000.0,64.8,77,0,0.0,1088,16.53,9.4,25,25.44,0
CUST00299,15.5,3275064.57,17607.87,19.2,28.0,282000.0,116.6,142,17,11.97,45,12.73,5.3,20,38.68,1
CUST00300,21.8,564437.71,2157.64,32.3,94.0,1955000.0,93.0,170,4,2.35,1559,13.88,0.6,22,16.59,0
CUST00301,3.7,3981363.2,89670.34,33.5,83.0,533000.0,31.0,104,14,13.46,1320,8.39,7.9,12,33.66,1
CUST00302,32.4,3110829.33,8001.1,45.4,89.0,1432000.0,8.7,133,3,2.26,623,15.84,7.5,2,14.08,0
CUST00303,19.7,4119505.73,17426.0,1.8,20.0,518000.0,89.6,144,9,6.25,1328,3.31,16.9,29,48.27,1
CUST00304,32.7,4789088.66,12204.61,0.7,105.0,369000.0,5.0,151,19,12.58,837,10.97,23.7,9,10.5,0
CUST00305,36.6,1098097.87,2500.22,54.3,110.0,371000.0,22.1,162,16,9.88,427,2.74,16.8,18,42.61,1
CUST00306,46.7,4971849.6,8871.97,27.7,78.0,652000.0,8.1,30,1,3.33,1516,11.82,23.8,11,6.41,0
CUST00307,5.9,3116603.1,44019.82,54.0,75.0,956000.0,74.0,83,4,4.82,1188,11.55,20.2,30,21.42,0
CUST00308,13.1,1146552.24,7293.59,44.4,77.0,1696000.0,16.1,192,21,10.94,1012,9.53,9.0,9,24.35,0
CUST00309,32.6,455769.78,1165.06,16.8,102.0,1793000.0,23.6,192,4,2.08,1519,1.97,0.5,16,31.58,1
CUST00310,29.4,3857541.26,10934.07,12.8,17.0,595000.0,107.3,143,15,10.49,1369,15.62,9.1,7,44.57,1
CUST00311,43.0,712712.23,1381.23,30.1,38.0,791000.0,1.3,66,13,19.7,1681,19.65,17.1,24,25.71,1
CUST00312,9.8,4746123.57,40358.19,39.6,117.0,1498000.0,58.0,96,1,1.04,478,15.35,5.8,8,18.47,0
CUST00313,11.1,4543244.16,34108.44,21.7,68.0,964000.0,5.6,171,20,11.7,241,14.22,13.0,26,13.67,0
CUST00314,29.4,2872292.75,8141.42,22.6,59.0,1217000.0,107.8,24,4,16.67,545,7.84,22.7,16,20.29,1
CUST00315,17.9,3973654.39,18499.32,53.2,54.0,1776000.0,52.8,63,1,1.59,1083,13.05,5.3,5,7.87,0
CUST00316,41.0,3322492.73,6753.03,24.9,56.0,315000.0,81.0,127,6,4.72,1239,3.64,20.8,0,12.18,0
CUST00317,30.0,716884.04,1991.34,30.8,110.0,379000.0,20.0,51,8,15.69,860,12.19,14.1,0,43.93,1
CUST00318,41.2,4738906.65,9585.17,13.0,78.0,996000.0,57.8,61,6,9.84,1260,3.28,14.6,24,9.09,0
CUST00319,14.0,3634724.65,21635.27,20.6,66.0,1222000.0,27.6,103,4,3.88,252,0.82,13.1,29,25.22,0
CUST00320,8.3,526677.95,5287.93,28.6,85.0,174000.0,94.1,133,24,18.05,270,2.32,16.5,28,30.17,1
CUST00321,45.0,3885608.59,7195.57,39.0,81.0,804000.0,5.2,140,13,9.29,499,18.8,12.1,24,19.06,0
CUST00322,37.3,3819619.17,8533.55,41.8,49.0,354000.0,57.3,64,1,1.56,610,12.17,13.6,8,9.45,0
CUST00323,39.7,2911036.37,6110.49,7.1,8.0,1344000.0,82.5,85,13,15.29,771,2.58,10.7,18,12.68,0
CUST00324,21.8,1859938.27,7109.86,16.5,87.0,1534000.0,49.6,147,15,10.2,396,7.72,13.9,8,49.43,1
CUST00325,38.9,2020742.27,4328.93,8.3,105.0,326000.0,27.6,184,10,5.43,235,4.68,10.0,10,40.04,0
CUST00326,34.5,307661.35,743.14,23.3,85.0,1628000.0,98.8,125,19,15.2,921,2.22,6.6,11,4.0,0
CUST00327,19.8,4923018.1,20719.77,36.8,80.0,1452000.0,71.7,49,7,14.29,929,0.71,21.3,29,40.2,1
CUST00328,2.6,3017598.82,96717.91,30.9,52.0,422000.0,4.3,66,10,15.15,30,19.53,2.2,8,38.98,1
CUST00329,20.4,2951096.82,12055.13,31.1,97.0,230000.0,10.8,77,11,14.29,741,19.28,6.9,19,48.15,1
CUST00330,20.8,73024.69,292.57,10.5,66.0,1161000.0,60.4,92,3,3.26,1674,10.51,6.4,17,40.66,0
CUST00331,35.0,4831974.51,11504.7,33.8,100.0,1539000.0,115.3,122,21,17.21,973,17.98,21.6,15,5.81,1
CUST00332,32.0,4971280.27,12946.04,40.6,59.0,700000.0,114.7,137,17,12.41,49,14.17,6.6,9,4.65,1
CUST00333,41.2,426342.66,862.34,55.9,86.0,772000.0,107.3,73,2,2.74,1558,13.82,22.7,15,36.86,1
CUST00334,12.9,1363756.6,8809.8,13.8,102.0,1689000.0,42.7,32,0,0.0,190,13.68,16.6,19,0.33,0
CUST00335,47.9,4247652.45,7389.79,22.3,53.0,1806000.0,105.7,152,27,17.76,592,10.07,24.6,29,25.56,1
CUST00336,37.8,684817.45,1509.74,31.5,69.0,1885000.0,3.9,93,12,12.9,1792,13.88,4.4,3,34.91,1
CUST00337,34.8,108508.89,259.84,12.6,75.0,718000.0,73.5,71,2,2.82,1153,5.63,6.7,30,30.65,0
CUST00338,25.4,1092135.79,3583.12,42.0,71.0,1723000.0,33.6,51,9,17.65,298,19.6,17.2,26,4.99,0
CUST00339,12.6,2189482.82,14480.71,22.9,37.0,1922000.0,17.9,7,0,0.0,893,10.24,24.9,27,31.53,0
CUST00340,16.5,2458769.98,12418.03,15.1,105.0,191000.0,11.9,46,0,0.0,471,16.37,11.9,20,4.82,0
CUST00341,13.7,1833517.57,11152.78,33.4,104.0,754000.0,49.4,94,6,6.38,1211,11.73,16.2,5,48.97,1
CUST00342,16.9,2576700.4,12705.62,46.5,79.0,249000.0,73.6,123,20,16.26,326,17.43,16.0,29,16.87,1
CUST00343,29.0,4252058.82,12218.56,4.3,23.0,534000.0,38.0,79,8,10.13,1269,13.07,6.8,14,39.05,1
CUST00344,37.6,2628631.67,5825.87,27.0,43.0,1723000.0,15.0,65,10,15.38,545,18.84,17.5,2,10.53,0
CUST00345,5.7,4687128.63,68525.27,28.4,33.0,1565000.0,62.9,26,0,0.0,567,12.55,2.1,29,44.27,0
CUST00346,13.1,1456667.64,9266.33,37.6,48.0,1693000.0,3.4,174,22,12.64,1792,18.35,21.6,14,48.75,1
CUST00347,14.3,2251982.42,13123.44,58.2,101.0,436000.0,71.7,166,27,16.27,1102,12.98,13.3,29,17.36,1
CUST00348,40.4,2237208.51,4614.7,21.9,47.0,677000.0,0.0,199,8,4.02,734,6.09,13.4,22,46.1,0
CUST00349,24.4,95206.37,325.16,25.8,53.0,539000.0,0.9,100,6,6.0,873,17.7,10.9,7,8.16,0
CUST00350,20.1,1922872.4,7972.11,15.8,60.0,555000.0,91.7,161,17,10.56,613,13.14,13.3,8,20.65,1
CUST00351,9.9,1483496.73,12487.35,38.2,89.0,617000.0,74.7,53,5,9.43,69,3.47,24.2,0,9.3,0
CUST00352,14.2,3590219.91,21069.37,43.6,61.0,386000.0,59.2,92,13,14.13,668,15.82,12.5,11,23.18,1
CUST00353,17.2,4225554.18,20472.65,57.1,61.0,1574000.0,8.6,125,5,4.0,423,17.97,6.3,12,41.41,0
CUST00354,38.6,1282363.68,2768.49,46.3,79.0,1501000.0,4.0,122,23,18.85,1608,2.33,16.7,6,23.64,1
CUST00355,16.3,1649162.78,8431.3,37.7,41.0,1881000.0,62.5,69,7,10.14,1337,6.33,9.0,1,43.18,1
CUST00356,6.5,3182899.38,40806.4,19.5,36.0,625000.0,14.4,67,0,0.0,116,11.83,17.3,22,29.81,0
CUST00357,5.4,830607.36,12818.01,5.5,76.0,1869000.0,119.6,165,3,1.82,152,7.43,3.8,17,39.57,0
CUST00358,12.4,4909294.77,32992.57,47.3,102.0,1630000.0,52.6,54,0,0.0,1441,7.87,18.1,8,44.93,1
CUST00359,22.4,1508837.25,5613.23,41.8,57.0,455000.0,41.7,192,29,15.1,593,17.42,15.0,27,27.73,0
CUST00360,8.6,1513579.67,14666.47,15.8,54.0,101000.0,76.6,102,5,4.9,68,12.58,9.1,19,11.94,0
CUST00361,33.3,2717834.78,6801.39,23.2,74.0,1045000.0,66.2,161,18,11.18,690,8.49,8.1,3,26.16,0
CUST00362,41.9,692382.62,1377.05,52.4,66.0,1022000.0,11.9,151,20,13.25,1742,8.08,12.2,19,35.07,1
CUST00363,19.0,3049470.44,13374.87,4.3,112.0,497000.0,59.0,25,3,12.0,1670,12.96,9.0,23,46.91,0
CUST00364,19.1,3556747.24,15518.09,49.4,68.0,177000.0,8.4,82,2,2.44,472,19.23,2.4,23,11.55,0
CUST00365,10.5,3301538.74,26202.69,34.2,115.0,1161000.0,67.0,196,6,3.06,1599,12.95,8.9,14,35.13,0
CUST00366,6.1,3972684.91,54271.65,33.0,77.0,1349000.0,64.1,158,28,17.72,751,18.1,13.8,10,42.24,1
CUST00367,32.0,4139467.13,10779.86,19.4,44.0,1137000.0,45.0,145,29,20.0,1554,5.45,24.0,14,47.99,1
CUST00368,2.7,1458186.74,45005.76,1.0,17.0,1792000.0,0.8,61,3,4.92,1782,6.64,19.3,30,34.49,0
CUST00369,28.1,2803799.27,8314.94,55.6,66.0,172000.0,42.7,40,4,10.0,781,17.85,6.2,8,40.55,0
CUST00370,20.6,4593514.93,18582.18,44.1,99.0,1607000.0,20.7,181,36,19.89,1708,18.2,14.9,9,1.87,1
CUST00371,19.7,3911603.44,16546.55,55.3,77.0,1772000.0,52.1,35,3,8.57,1561,13.23,15.1,0,31.69,1
CUST00372,3.7,2645697.59,59587.78,19.2,76.0,721000.0,83.7,44,0,0.0,1409,14.77,9.8,14,37.64,0
CUST00373,5.4,2188081.57,33766.69,47.2,58.0,739000.0,57.1,195,3,1.54,1152,8.28,2.1,16,21.72,0
CUST00374,38.3,2430566.38,5288.44,11.9,55.0,1186000.0,67.3,193,33,17.1,534,5.23,6.7,13,16.17,0
CUST00375,5.4,3375150.39,52085.65,25.4,58.0,709000.0,71.3,11,1,9.09,376,19.76,15.4,25,22.11,0
CUST00376,3.2,4099951.0,106769.56,12.0,52.0,1540000.0,102.3,33,5,15.15,141,5.24,15.5,4,43.44,1
CUST00377,1.7,3484286.36,170798.35,6.7,58.0,143000.0,25.1,142,6,4.23,447,11.16,18.8,17,24.15,0
CUST00378,7.9,3508838.4,37013.06,1.1,70.0,1361000.0,5.2,48,0,0.0,611,4.41,17.4,8,2.65,0
CUST00379,1.4,1973793.48,117487.71,16.3,105.0,1354000.0,103.7,9,1,11.11,1359,8.04,24.5,16,48.83,1
CUST00380,16.5,4340525.09,21921.84,31.9,48.0,1051000.0,55.0,187,1,0.53,111,5.32,13.2,10,24.5,0
CUST00381,1.9,3437341.21,150760.58,21.3,51.0,1992000.0,117.4,75,1,1.33,1311,5.52,9.7,26,49.52,1
CUST00382,47.5,1166634.35,2046.73,20.5,60.0,361000.0,87.6,138,21,15.22,1284,17.52,17.2,13,12.02,0
CUST00383,48.6,4553190.2,7807.25,19.8,74.0,493000.0,16.6,143,21,14.69,1668,4.45,3.5,22,35.26,1
CUST00384,7.6,4978644.71,54590.4,58.5,67.0,1873000.0,110.1,86,2,2.33,1171,10.89,18.0,5,15.88,1
CUST00385,36.6,3838903.31,8740.67,52.8,81.0,881000.0,53.2,168,17,10.12,341,15.69,2.7,5,1.31,1
CUST00386,31.2,3047742.33,8140.34,36.7,86.0,539000.0,3.1,25,5,20.0,1627,9.79,12.6,19,23.44,1
CUST00387,10.0,1967928.42,16399.4,28.4,43.0,530000.0,49.0,8,1,12.5,875,4.84,16.8,6,37.89,1
CUST00388,46.4,4928856.82,8852.11,52.0,85.0,717000.0,54.9,68,6,8.82,859,15.64,15.2,26,19.02,0
CUST00389,31.0,3725215.88,10014.02,35.6,80.0,1764000.0,94.4,138,3,2.17,954,9.41,21.9,28,49.79,1
CUST00390,20.4,3689091.9,15069.82,33.5,78.0,1298000.0,5.9,79,14,17.72,845,17.75,19.3,9,23.07,1
CUST00391,31.0,320006.0,860.23,31.0,44.0,1677000.0,54.2,189,32,16.93,261,4.01,14.6,28,34.81,1
CUST00392,21.3,2281884.98,8927.56,10.7,75.0,1454000.0,24.2,121,2,1.65,542,6.82,16.2,22,39.82,0
CUST00393,7.1,615116.45,7219.68,27.0,61.0,1095000.0,46.1,135,19,14.07,357,7.88,9.5,24,8.54,0
CUST00394,43.7,4320228.77,8238.42,9.7,26.0,1561000.0,6.2,83,9,10.84,1525,15.49,11.2,20,9.03,0
CUST00395,48.1,67487.85,116.92,45.9,47.0,1045000.0,59.8,6,1,16.67,517,4.73,16.5,14,20.51,1
CUST00396,30.4,1261330.2,3457.59,32.8,87.0,1159000.0,99.0,17,1,5.88,333,1.57,8.7,4,42.69,1
CUST00397,42.1,1527285.66,3023.13,55.2,58.0,892000.0,21.4,177,18,10.17,1281,13.39,17.5,18,39.37,1
CUST00398,23.3,2915883.15,10428.77,55.9,62.0,669000.0,44.2,102,2,1.96,1583,8.83,13.8,9,23.54,0
CUST00399,43.1,1679582.21,3247.45,24.8,45.0,497000.0,7.0,151,23,15.23,1318,10.81,2.2,23,34.43,1
CUST00400,49.3,1471577.15,2487.45,36.5,63.0,1098000.0,119.4,95,4,4.21,1288,11.47,13.0,20,24.89,1
CUST00401,44.3,1201972.12,2261.05,17.4,37.0,325000.0,55.8,35,3,8.57,1667,12.5,10.4,1,16.69,0
CUST00402,32.2,105921.48,274.12,12.1,42.0,1601000.0,36.9,134,17,12.69,693,15.46,2.8,10,17.07,0
CUST00403,31.2,194131.04,518.51,10.5,47.0,742000.0,80.7,126,25,19.84,102,13.09,12.0,20,23.03,1
CUST00404,44.9,2339226.87,4341.55,48.8,115.0,206000.0,62.5,149,23,15.44,1418,6.65,13.4,6,28.87,0
CUST00405,45.9,3989124.86,7242.42,4.0,21.0,1697000.0,40.7,101,20,19.8,1124,16.93,14.3,12,9.37,0
CUST00406,39.3,1575993.03,3341.8,51.5,100.0,616000.0,10.4,65,5,7.69,955,16.67,7.6,16,15.12,0
CUST00407,39.5,3900062.44,8227.98,54.8,84.0,147000.0,57.9,133,4,3.01,419,7.13,12.1,27,26.18,0
CUST00408,8.0,4365404.98,45472.97,49.3,116.0,1386000.0,15.9,190,2,1.05,970,8.06,21.6,3,0.21,0
CUST00409,34.7,2991723.52,7184.73,5.2,59.0,188000.0,62.5,173,19,10.98,76,11.76,7.8,28,10.49,0
CUST00410,15.0,2684765.24,14915.36,46.4,96.0,618000.0,18.9,34,0,0.0,1305,11.41,2.6,17,17.52,0
CUST00411,7.9,3536550.8,37305.39,17.0,42.0,235000.0,73.6,91,17,18.68,938,1.49,0.7,28,33.77,1
CUST00412,3.6,2161005.44,50023.27,10.7,76.0,1226000.0,100.3,184,28,15.22,1292,7.43,8.3,6,35.64,1
CUST00413,27.1,4869725.35,14974.56,45.3,80.0,350000.0,97.5,183,29,15.85,229,9.38,17.1,22,38.32,1
CUST00414,47.4,761422.33,1338.65,53.7,71.0,791000.0,22.0,175,21,12.0,1645,17.29,8.1,15,1.51,0
CUST00415,18.2,2333146.33,10682.9,10.2,95.0,1248000.0,15.3,31,3,9.68,1704,14.43,2.7,17,32.47,0
CUST00416,27.1,2034041.55,6254.74,24.8,84.0,1141000.0,116.9,103,2,1.94,727,4.56,17.4,13,39.22,1
CUST00417,39.6,2745408.06,5777.37,14.2,84.0,248000.0,111.7,151,26,17.22,1026,2.73,14.9,10,27.75,1
CUST00418,9.6,4781623.06,41507.14,4.2,17.0,1647000.0,92.6,102,10,9.8,1042,13.08,1.5,6,40.85,1
CUST00419,45.3,3198857.46,5884.58,0.0,18.0,384000.0,63.8,104,19,18.27,1213,9.22,5.1,28,15.83,0
CUST00420,45.7,1557523.16,2840.12,56.6,84.0,1967000.0,41.3,27,4,14.81,46,12.42,12.8,27,6.38,0
CUST00421,19.1,2766981.43,12072.34,3.2,85.0,1659000.0,43.1,77,0,0.0,511,8.92,14.8,20,15.91,0
CUST00422,19.7,2748338.0,11625.8,39.7,78.0,458000.0,46.2,97,13,13.4,345,6.13,21.8,4,6.71,0
CUST00423,1.8,3620629.2,167621.72,29.2,69.0,1981000.0,10.2,169,26,15.38,1791,9.39,19.7,19,46.52,1
CUST00424,23.3,2149417.19,7687.47,49.2,76.0,529000.0,51.0,6,1,16.67,1764,14.75,17.8,8,20.54,1
CUST00425,19.0,4892255.57,21457.26,34.1,95.0,315000.0,57.8,181,5,2.76,320,14.74,13.2,27,49.18,1
CUST00426,23.8,437261.28,1531.03,53.4,59.0,998000.0,89.0,176,4,2.27,1430,12.86,20.0,9,30.65,1
CUST00427,27.2,103377.83,316.72,27.2,111.0,1191000.0,39.8,95,9,9.47,622,3.77,17.4,19,37.47,1
CUST00428,28.6,354017.93,1031.52,28.4,44.0,198000.0,118.8,193,1,0.52,617,9.95,3.2,2,42.57,0
CUST00429,7.5,1440811.06,16009.01,51.5,52.0,312000.0,21.0,156,9,5.77,1379,9.21,20.2,8,39.13,1
CUST00430,9.9,2660574.83,22395.41,2.0,118.0,1938000.0,71.5,44,7,15.91,1571,19.87,19.3,7,33.03,1
CUST00431,9.2,2909899.1,26357.78,50.5,54.0,602000.0,98.3,18,1,5.56,980,8.28,7.5,23,47.41,1
CUST00432,12.4,3433374.29,23073.75,23.4,49.0,1108000.0,52.2,78,14,17.95,812,13.73,24.0,21,47.79,1
CUST00433,27.0,1801449.07,5560.03,50.7,93.0,1339000.0,32.7,74,4,5.41,1673,2.42,16.4,12,23.06,1
CUST00434,12.8,3375854.77,21978.22,46.2,85.0,1388000.0,119.2,85,17,20.0,51,13.62,20.8,0,20.56,1
CUST00435,34.6,1790006.28,4311.19,43.5,63.0,165000.0,74.3,19,1,5.26,1257,12.94,17.7,3,4.32,1
CUST00436,19.4,3831095.94,16456.6,38.9,104.0,451000.0,13.3,52,4,7.69,633,9.61,23.4,20,22.67,1
CUST00437,38.7,3476496.38,7486.0,40.1,102.0,589000.0,93.7,75,1,1.33,813,8.08,24.9,8,47.78,1
CUST00438,22.6,2484022.84,9159.38,55.7,95.0,439000.0,59.0,41,8,19.51,1604,8.91,15.3,3,45.63,1
CUST00439,6.1,410951.54,5614.09,34.3,56.0,947000.0,107.6,43,0,0.0,107,13.46,6.7,22,16.49,1
CUST00440,1.2,3552647.98,246711.67,46.3,82.0,867000.0,87.3,22,4,18.18,492,0.56,23.9,26,38.99,1
CUST00441,27.2,4958426.83,15191.26,20.0,50.0,205000.0,119.6,170,5,2.94,778,10.93,24.0,2,42.06,1
CUST00442,15.2,1055446.33,5786.44,33.3,117.0,1355000.0,35.9,104,3,2.88,1321,13.93,12.2,28,31.64,1
CUST00443,7.9,1005808.96,10609.8,43.2,89.0,1030000.0,7.6,143,20,13.99,660,10.24,24.1,25,22.47,1
CUST00444,2.8,327469.54,9746.12,47.3,50.0,325000.0,96.9,175,33,18.86,968,18.83,21.8,17,7.45,1
CUST00445,46.3,232544.45,418.55,8.5,81.0,995000.0,110.2,16,1,6.25,1466,13.15,0.4,20,2.5,0
CUST00446,39.9,2308113.73,4820.62,10.2,75.0,1654000.0,12.8,132,19,14.39,1666,12.5,1.6,6,21.31,0
CUST00447,49.1,3408069.29,5784.23,19.5,118.0,1194000.0,16.5,59,0,0.0,1244,3.88,1.6,8,7.06,0
CUST00448,35.1,2789368.26,6622.43,26.3,113.0,177000.0,12.0,166,24,14.46,1622,3.58,22.0,2,0.32,0
CUST00449,5.4,3276191.17,50558.51,53.2,81.0,1634000.0,92.7,182,8,4.4,452,3.29,6.8,14,20.6,1
CUST00450,30.9,236225.0,637.07,10.8,65.0,1906000.0,75.3,82,11,13.41,887,0.59,5.9,3,49.33,1
CUST00451,31.3,4320518.75,11502.98,59.2,90.0,982000.0,75.2,58,4,6.9,138,4.28,19.9,21,42.19,1
CUST00452,25.4,840809.99,2758.56,55.4,59.0,792000.0,25.2,69,5,7.25,1293,16.2,19.0,1,5.22,0
CUST00453,27.3,832325.77,2540.68,1.7,63.0,235000.0,28.2,118,18,15.25,1217,6.86,5.0,21,44.92,0
CUST00454,6.4,1177521.22,15332.31,14.2,58.0,480000.0,107.0,23,3,13.04,1228,9.95,22.3,4,10.81,1
CUST00455,9.7,1898751.16,16312.3,27.5,45.0,781000.0,32.4,90,4,4.44,95,14.0,1.5,4,5.56,0
CUST00456,21.5,3813680.94,14781.71,13.2,45.0,398000.0,95.3,161,10,6.21,1213,19.42,21.4,2,20.58,1
CUST00457,43.2,1121390.89,2163.18,28.4,71.0,128000.0,51.4,68,3,4.41,700,8.97,5.6,29,29.59,0
CUST00458,29.1,75134.03,215.16,58.8,61.0,994000.0,92.2,13,1,7.69,1117,8.19,20.2,22,41.06,1
CUST00459,12.8,2814510.48,18323.64,0.7,88.0,1905000.0,15.9,80,7,8.75,1356,19.98,0.4,21,15.24,0
CUST00460,43.0,3749069.15,7265.64,1.5,55.0,1566000.0,104.9,108,5,4.63,1647,17.5,15.7,22,31.67,1
CUST00461,4.5,4472500.48,82824.08,20.0,23.0,909000.0,32.4,161,13,8.07,1643,13.85,15.5,10,36.79,0
CUST00462,47.3,3389532.18,5971.69,53.3,61.0,795000.0,74.3,98,11,11.22,388,13.14,17.6,17,35.47,1
CUST00463,49.1,1231231.89,2089.67,6.8,61.0,1884000.0,69.6,184,13,7.07,1572,15.03,5.6,11,44.9,0
CUST00464,21.7,319576.99,1227.25,22.4,67.0,1053000.0,99.5,125,22,17.6,1119,13.73,13.3,9,22.6,1
CUST00465,34.0,3481454.28,8532.98,58.7,113.0,458000.0,106.1,27,0,0.0,830,18.01,7.2,30,3.85,0
CUST00466,6.5,782372.51,10030.42,9.0,32.0,1909000.0,2.7,111,21,18.92,1138,18.67,11.8,13,22.19,0
CUST00467,15.3,361600.07,1969.5,52.3,68.0,1900000.0,77.4,110,18,16.36,732,13.29,19.7,15,29.67,1
CUST00468,42.3,2254018.7,4440.54,18.2,32.0,1600000.0,20.6,71,3,4.23,1021,7.75,7.2,27,2.37,0
CUST00469,23.3,873497.21,3124.1,55.4,101.0,642000.0,116.8,186,9,4.84,360,5.14,1.0,10,28.73,1
CUST00470,19.1,1065519.04,4648.86,42.4,94.0,1958000.0,17.8,119,17,14.29,362,10.91,3.0,0,20.23,1
CUST00471,8.1,2317301.64,23840.55,19.2,20.0,1503000.0,117.1,89,9,10.11,1000,17.97,24.2,24,49.03,1
CUST00472,8.2,2847896.0,28942.03,54.4,83.0,1409000.0,87.8,15,1,6.67,1418,11.24,7.7,12,30.88,1
CUST00473,18.5,1665514.02,7502.32,36.5,53.0,1100000.0,93.8,76,6,7.89,76,2.13,21.2,21,33.58,1
CUST00474,26.1,1012527.69,3232.85,19.1,80.0,1892000.0,109.0,97,12,12.37,332,14.46,10.7,12,18.64,1
CUST00475,18.2,4888741.96,22384.35,52.5,58.0,1483000.0,53.3,111,14,12.61,621,3.69,18.2,28,21.19,1
CUST00476,7.8,2956541.33,31586.98,5.2,29.0,1002000.0,104.1,90,2,2.22,1239,15.24,2.2,13,31.94,0
CUST00477,9.6,2337493.82,20290.74,34.1,113.0,479000.0,99.9,79,15,18.99,116,16.54,7.5,18,15.2,1
CUST00478,23.7,182858.07,642.96,0.1,32.0,1916000.0,100.1,125,3,2.4,1369,13.49,7.2,5,24.59,0
CUST00479,13.0,640805.58,4107.73,16.6,119.0,227000.0,89.5,153,15,9.8,1188,9.0,6.4,21,23.8,1
CUST00480,6.9,2587003.05,31244.0,34.5,107.0,409000.0,7.0,86,14,16.28,1449,3.14,4.1,8,18.06,1
CUST00481,47.8,291138.76,507.56,17.5,83.0,246000.0,23.3,165,11,6.67,1596,2.34,18.8,17,16.13,0
CUST00482,42.4,4009392.17,7880.09,16.3,89.0,789000.0,64.1,95,4,4.21,56,3.17,7.0,24,24.24,0
CUST00483,45.6,556968.4,1017.85,9.3,34.0,458000.0,107.6,162,7,4.32,884,9.48,1.9,26,6.56,0
CUST00484,18.1,3470700.98,15979.29,8.3,58.0,1976000.0,62.8,92,5,5.43,1483,6.44,18.6,3,11.12,0
CUST00485,8.0,1171543.43,12203.58,7.5,22.0,249000.0,82.9,33,0,0.0,68,15.61,18.9,1,9.82,0
CUST00486,33.3,2986222.05,7473.03,28.1,112.0,182000.0,36.2,7,0,0.0,1632,2.91,15.0,18,45.06,0
CUST00487,18.2,499357.6,2286.44,50.8,116.0,1903000.0,41.7,46,8,17.39,1629,14.71,6.0,18,3.42,1
CUST00488,38.4,2667751.77,5789.39,42.9,117.0,426000.0,90.5,6,0,0.0,468,18.45,21.3,15,18.32,1
CUST00489,22.5,4790851.29,17743.89,10.9,50.0,821000.0,25.7,63,6,9.52,261,15.35,7.9,14,5.52,0
CUST00490,38.4,3538418.03,7678.86,33.4,37.0,723000.0,13.9,77,14,18.18,1259,14.86,17.2,26,22.2,1
CUST00491,15.2,4284060.05,23487.17,11.3,19.0,1698000.0,57.1,178,23,12.92,397,0.75,16.9,21,5.26,0
CUST00492,33.3,470779.25,1178.13,8.6,53.0,1222000.0,12.2,48,1,2.08,774,19.52,8.5,19,42.2,0
CUST00493,12.4,2152285.82,14464.29,29.9,99.0,1555000.0,71.2,198,25,12.63,759,9.78,15.1,12,49.38,1
CUST00494,8.2,2300441.97,23378.48,7.3,62.0,539000.0,113.1,12,0,0.0,1541,1.53,1.7,21,1.34,0
CUST00495,30.6,1668431.63,4543.66,18.2,82.0,1544000.0,79.3,138,24,17.39,1038,15.96,5.0,21,24.89,1
CUST00496,27.6,4056933.91,12249.2,32.4,34.0,1552000.0,118.9,35,6,17.14,951,6.63,9.4,14,1.8,1
CUST00497,33.3,3907943.22,9779.64,53.1,64.0,918000.0,37.5,104,15,14.42,1594,2.63,16.9,21,27.69,1
CUST00498,24.0,2833164.29,9837.38,9.4,16.0,600000.0,70.9,101,19,18.81,1415,7.38,24.4,10,3.07,0
CUST00499,7.3,1863729.97,21275.46,48.6,90.0,1554000.0,75.0,102,3,2.94,906,7.23,8.9,11,2.82,0
CUST00500,12.5,1594892.66,10632.62,5.1,84.0,1751000.0,13.7,48,0,0.0,1132,6.86,11.5,27,21.12,0
CUST00501,21.6,150991.25,582.53,28.2,30.0,701000.0,68.4,87,3,3.45,1685,10.02,17.3,6,16.8,0
CUST00502,38.5,1730720.15,3746.15,36.9,67.0,928000.0,59.6,24,4,16.67,468,6.1,1.2,18,20.1,0
CUST00503,37.4,505191.28,1125.65,50.7,57.0,740000.0,8.1,140,15,10.71,904,4.59,19.9,20,41.19,1
CUST00504,15.7,3334110.65,17696.98,18.8,61.0,577000.0,61.8,176,35,19.89,399,17.68,15.7,16,43.14,1
CUST00505,11.4,4812479.52,35178.94,44.5,80.0,1881000.0,63.9,162,27,16.67,1189,14.67,1.5,6,18.21,0
CUST00506,8.4,3442267.85,34149.48,18.0,62.0,705000.0,99.6,21,1,4.76,1762,8.54,20.6,20,8.03,1
CUST00507,12.6,1230492.94,8138.18,9.0,12.0,1614000.0,37.3,129,17,13.18,923,8.73,22.6,6,7.97,0
CUST00508,13.7,4027514.01,24498.26,39.5,54.0,1720000.0,115.7,129,25,19.38,70,1.58,22.4,10,30.08,1
CUST00509,45.1,2064683.92,3815.01,21.8,86.0,272000.0,113.2,190,8,4.21,513,2.68,18.4,29,6.03,0
CUST00510,29.4,3886823.52,11017.07,31.5,75.0,271000.0,72.0,85,10,11.76,1734,11.89,9.7,23,37.2,1
CUST00511,11.7,578729.37,4122.0,12.8,42.0,876000.0,103.5,19,3,15.79,1122,7.81,23.7,10,27.29,1
CUST00512,13.1,1424782.13,9063.5,47.1,58.0,1003000.0,44.1,83,0,0.0,1351,19.35,15.1,26,36.97,1
CUST00513,3.7,4591413.58,103410.22,40.3,60.0,831000.0,76.7,184,23,12.5,1693,13.86,13.4,7,42.88,1
CUST00514,45.6,1995229.06,3646.25,58.7,74.0,271000.0,98.7,65,4,6.15,460,17.26,4.0,14,31.57,1
CUST00515,38.6,2061129.64,4449.76,2.0,104.0,1664000.0,112.9,125,23,18.4,875,18.57,8.3,13,43.84,1
CUST00516,41.4,3507486.83,7060.16,30.4,62.0,1244000.0,97.6,193,20,10.36,958,14.06,19.0,20,32.08,1
CUST00517,39.8,723656.51,1515.19,24.0,84.0,696000.0,9.9,45,3,6.67,1087,14.41,19.2,20,38.16,1
CUST00518,34.6,3973579.36,9570.28,19.2,67.0,1497000.0,31.3,180,20,11.11,1667,6.0,2.1,11,9.09,0
CUST00519,47.3,4427490.08,7800.37,13.5,114.0,1854000.0,77.7,165,14,8.48,212,19.5,5.0,22,42.59,0
CUST00520,31.3,3021944.02,8045.64,9.0,115.0,423000.0,68.1,8,1,12.5,1613,18.44,11.3,21,24.71,0
CUST00521,11.0,4732959.02,35855.75,48.8,68.0,1518000.0,45.8,115,6,5.22,1258,4.7,20.6,23,33.86,1
CUST00522,21.0,772417.12,3065.15,17.4,44.0,1274000.0,108.9,99,18,18.18,1431,13.12,2.1,15,6.66,0
CUST00523,35.0,3449919.62,8214.09,42.8,97.0,1499000.0,30.7,29,4,13.79,150,1.52,23.3,15,45.41,1
CUST00524,47.0,4837688.73,8577.46,35.9,99.0,186000.0,30.4,163,24,14.72,649,19.56,16.8,4,48.4,1
CUST00525,29.4,1338443.68,3793.77,30.2,114.0,1768000.0,15.8,86,16,18.6,916,3.27,2.9,1,48.93,1
CUST00526,48.7,1440953.22,2465.7,21.6,64.0,1815000.0,31.6,199,16,8.04,1088,6.6,22.3,10,36.84,1
CUST00527,47.6,2800589.81,4902.99,55.4,97.0,936000.0,22.7,18,1,5.56,405,1.2,6.5,22,23.36,0
CUST00528,44.9,2499808.35,4639.58,26.5,119.0,1166000.0,54.9,33,6,18.18,1504,17.4,3.1,2,10.19,0
CUST00529,41.9,3762186.42,7482.47,49.4,89.0,1360000.0,25.5,6,0,0.0,882,18.45,6.2,15,33.85,1
CUST00530,2.3,3422496.11,124003.48,40.8,72.0,1222000.0,114.1,87,4,4.6,89,2.08,20.8,21,23.99,1
CUST00531,14.2,3307131.2,19408.05,19.8,24.0,1282000.0,54.4,192,36,18.75,294,4.62,1.2,20,14.15,0
CUST00532,37.4,2758423.3,6146.22,36.1,44.0,585000.0,28.8,107,2,1.87,72,17.12,4.1,24,20.12,0
CUST00533,47.8,812966.58,1417.31,17.9,100.0,1498000.0,110.6,180,8,4.44,765,13.48,20.8,16,9.99,0
CUST00534,20.0,1378973.05,5745.72,36.0,44.0,903000.0,44.2,52,6,11.54,1321,8.81,1.0,10,48.66,1
CUST00535,32.7,3582495.64,9129.7,55.8,90.0,1330000.0,10.1,124,13,10.48,192,18.19,11.9,4,49.21,1
CUST00536,15.7,1280834.85,6798.49,25.7,79.0,1147000.0,110.1,136,3,2.21,1075,8.79,2.4,21,36.02,1
CUST00537,18.4,2948561.03,13353.99,46.1,47.0,1507000.0,55.5,51,6,11.76,122,2.12,21.9,9,15.7,1
CUST00538,38.1,2277242.13,4980.84,48.5,73.0,1844000.0,97.2,59,2,3.39,190,15.07,15.1,27,33.67,1
CUST00539,1.9,2004922.52,87935.2,0.8,79.0,974000.0,48.6,173,31,17.92,650,12.56,24.3,11,34.53,1
CUST00540,34.1,4032971.64,9855.75,5.3,21.0,463000.0,97.9,183,12,6.56,1789,1.02,12.0,4,32.49,1
CUST00541,31.7,3960557.11,10411.56,11.5,44.0,981000.0,56.9,10,0,0.0,370,18.1,18.5,14,48.19,0
CUST00542,43.1,2946870.03,5697.74,12.1,74.0,1684000.0,6.1,7,0,0.0,1321,17.03,10.8,13,42.43,0
CUST00543,30.2,2793807.4,7709.18,17.4,67.0,1024000.0,70.9,161,31,19.25,504,14.43,13.2,13,28.82,1
CUST00544,14.1,3259086.41,19261.74,53.3,61.0,1283000.0,77.5,119,22,18.49,923,0.91,7.2,6,23.46,1
CUST00545,25.9,2958910.61,9520.3,41.1,114.0,1722000.0,85.8,124,4,3.23,630,14.6,9.8,13,41.65,1
CUST00546,37.0,3990064.69,8986.63,48.0,109.0,1282000.0,33.9,196,5,2.55,1396,9.92,4.3,5,30.29,0
CUST00547,21.4,4969147.82,19350.26,18.2,40.0,189000.0,2.2,71,5,7.04,1416,3.59,20.7,28,25.17,1
CUST00548,17.5,614148.0,2924.51,13.6,73.0,1024000.0,119.2,95,1,1.05,1607,17.62,6.7,4,42.67,1
CUST00549,30.6,565503.01,1540.04,3.0,114.0,1618000.0,115.5,198,7,3.54,246,15.74,15.2,27,47.37,1
CUST00550,3.1,571784.86,15370.56,37.8,109.0,1831000.0,18.8,79,14,17.72,1590,10.36,18.3,3,7.71,1
CUST00551,41.1,658768.17,1335.7,12.1,117.0,1562000.0,0.8,126,10,7.94,617,10.35,2.1,11,35.76,0
CUST00552,31.8,1264983.84,3314.95,45.2,85.0,1596000.0,16.6,114,13,11.4,868,18.01,23.8,16,39.73,1
CUST00553,2.5,770642.31,25688.08,0.6,97.0,1893000.0,10.2,85,12,14.12,1611,3.7,1.5,24,1.85,0
CUST00554,8.4,2894058.44,28710.9,58.7,119.0,1618000.0,105.1,80,13,16.25,853,17.77,17.5,27,15.22,1
CUST00555,45.6,89116.06,162.86,16.8,71.0,1849000.0,84.0,119,20,16.81,450,17.81,15.6,19,32.6,1
CUST00556,44.5,3918737.31,7338.46,24.3,43.0,673000.0,4.4,90,12,13.33,1515,14.52,22.0,16,49.6,1
CUST00557,5.5,2781339.96,42141.51,31.3,98.0,404000.0,3.3,143,18,12.59,559,5.21,19.4,23,21.14,1
CUST00558,36.9,4215838.03,9520.86,15.6,69.0,335000.0,90.8,36,7,19.44,640,11.66,0.1,10,49.15,1
CUST00559,49.5,2849706.27,4797.49,53.7,95.0,1113000.0,71.5,94,9,9.57,612,13.5,20.4,18,33.62,1
CUST00560,26.5,1275784.99,4011.9,19.7,78.0,1663000.0,43.4,30,1,3.33,1487,8.8,10.3,2,3.11,0
CUST00561,24.3,2258512.23,7745.24,22.2,74.0,1218000.0,62.3,106,8,7.55,1226,10.23,10.6,14,34.45,1
CUST00562,36.9,2113765.64,4773.64,9.8,66.0,1021000.0,54.9,185,32,17.3,1797,10.82,17.4,14,23.67,1
CUST00563,47.3,1878193.7,3309.01,57.1,95.0,876000.0,14.5,151,9,5.96,112,10.69,2.9,9,49.55,0
CUST00564,24.8,3966458.32,13328.15,8.5,74.0,192000.0,107.3,77,6,7.79,404,16.47,12.2,3,27.38,0
CUST00565,3.2,2431823.34,63328.73,18.6,64.0,742000.0,45.3,189,8,4.23,1590,3.2,15.9,24,22.5,0
CUST00566,43.5,1659820.62,3179.73,48.0,96.0,878000.0,27.9,106,10,9.43,1137,1.39,16.8,14,36.8,1
CUST00567,43.4,3550682.7,6817.75,34.3,103.0,1444000.0,67.3,36,1,2.78,424,19.13,13.5,24,2.64,0
CUST00568,10.3,2405386.68,19461.06,53.8,62.0,1879000.0,21.6,9,1,11.11,1641,4.51,20.7,26,44.38,1
CUST00569,40.5,3053931.36,6283.81,24.1,28.0,1738000.0,2.8,116,5,4.31,879,0.97,13.2,12,12.86,0
CUST00570,5.9,882372.16,12462.88,8.6,37.0,270000.0,36.8,109,21,19.27,376,1.65,24.0,5,1.36,0
CUST00571,20.1,1634205.25,6775.31,24.8,56.0,813000.0,99.3,35,0,0.0,444,5.17,14.9,7,24.65,1
CUST00572,19.9,619652.79,2594.86,3.6,58.0,873000.0,58.1,109,20,18.35,508,18.32,0.5,17,48.17,1
CUST00573,13.1,2795801.88,17785.0,47.1,69.0,873000.0,10.1,167,32,19.16,446,15.77,3.6,17,49.27,1
CUST00574,27.3,2147574.66,6555.48,54.7,84.0,102000.0,55.8,163,18,11.04,1367,19.46,0.0,29,46.09,1
CUST00575,13.3,3415989.1,21403.44,60.0,111.0,504000.0,100.9,77,1,1.3,360,14.91,14.1,9,4.49,1
CUST00576,41.7,3639115.22,7272.41,59.9,113.0,501000.0,60.6,86,10,11.63,1330,5.6,18.8,14,13.65,1
CUST00577,16.8,1092588.27,5419.58,57.5,78.0,1837000.0,16.0,5,1,20.0,38,18.08,16.8,13,27.79,1
CUST00578,25.0,1994315.85,6647.72,4.9,106.0,1337000.0,64.6,176,28,15.91,1406,2.91,24.3,12,41.37,1
CUST00579,9.7,3851430.93,33087.89,41.8,42.0,979000.0,112.3,118,0,0.0,483,14.99,19.0,21,46.07,1
CUST00580,5.4,3086541.41,47631.81,18.2,91.0,545000.0,59.3,97,1,1.03,604,10.11,17.6,19,10.45,0
CUST00581,41.2,2010626.59,4066.8,52.2,91.0,1039000.0,66.2,173,11,6.36,163,11.97,18.6,4,12.98,0
CUST00582,12.2,2639245.8,18027.64,46.9,61.0,1388000.0,119.0,182,34,18.68,1288,5.43,14.0,14,0.1,1
CUST00583,34.0,3267648.73,8008.94,51.2,73.0,1704000.0,48.8,36,7,19.44,1044,7.55,19.0,28,36.06,1
CUST00584,46.0,2685430.9,4864.91,19.0,59.0,736000.0,105.6,11,2,18.18,492,19.57,10.6,2,45.85,1
CUST00585,17.1,361078.42,1759.64,37.5,40.0,921000.0,2.9,165,21,12.73,1751,5.38,2.7,7,47.94,1
CUST00586,41.3,2622391.47,5291.35,14.2,22.0,1240000.0,52.6,29,5,17.24,944,11.79,2.1,1,45.84,0
CUST00587,44.6,3482150.15,6506.26,47.0,52.0,1625000.0,6.6,161,27,16.77,164,2.49,1.4,1,14.75,0
CUST00588,5.7,3772218.62,55149.4,14.0,78.0,1353000.0,1.3,103,14,13.59,1658,8.85,15.5,3,16.98,1
CUST00589,39.4,2297679.98,4859.73,19.7,39.0,295000.0,71.4,22,4,18.18,1646,16.9,22.6,4,31.87,1
CUST00590,21.6,3636884.03,14031.19,26.7,49.0,1614000.0,7.3,84,13,15.48,1080,19.21,18.9,9,29.18,1
CUST00591,8.1,2374142.61,24425.34,36.2,61.0,1944000.0,62.1,173,9,5.2,147,5.13,20.5,17,42.94,1
CUST00592,10.6,1041840.92,8190.57,54.5,106.0,749000.0,80.1,182,29,15.93,1258,14.0,21.3,18,48.15,1
CUST00593,21.5,853285.93,3307.31,27.3,100.0,180000.0,26.3,5,0,0.0,1449,4.99,15.6,7,24.04,0
CUST00594,40.9,4045992.97,8243.67,22.6,62.0,1670000.0,0.8,7,0,0.0,762,1.09,2.9,9,22.02,0
CUST00595,45.7,1831550.72,3339.81,58.5,71.0,640000.0,26.3,72,11,15.28,386,7.13,13.9,5,9.8,0
CUST00596,13.8,550891.57,3326.64,49.9,60.0,1344000.0,106.2,91,6,6.59,654,9.4,9.2,11,33.05,1
CUST00597,48.9,4988589.83,8501.35,52.9,112.0,224000.0,17.3,38,3,7.89,422,10.88,17.4,10,29.98,1
CUST00598,13.0,278666.2,1786.32,37.0,53.0,1117000.0,94.8,88,7,7.95,139,12.77,7.0,4,42.58,1
CUST00599,44.4,1085725.99,2037.77,4.9,59.0,1361000.0,7.8,135,12,8.89,1568,17.71,18.8,11,24.93,0
CUST00600,16.8,1900699.67,9428.07,41.7,98.0,1040000.0,32.2,107,20,18.69,1649,11.89,0.9,7,44.74,1
CUST00601,12.5,1132038.95,7546.93,25.5,61.0,399000.0,101.1,70,8,11.43,203,3.12,2.1,14,25.94,1
CUST00602,3.0,2585697.34,71824.93,20.2,65.0,922000.0,44.1,132,10,7.58,589,7.96,4.5,7,13.28,0
CUST00603,45.2,1507863.22,2779.98,30.1,79.0,249000.0,33.2,63,1,1.59,272,1.89,1.0,6,16.69,1
CUST00604,13.3,3738796.17,23426.04,46.1,109.0,462000.0,72.5,40,8,20.0,564,0.67,7.5,26,17.33,1
CUST00605,47.3,4118213.51,7255.49,45.5,46.0,1343000.0,118.7,43,6,13.95,496,4.93,18.7,15,11.69,1
CUST00606,28.1,2370254.74,7029.23,48.9,73.0,263000.0,101.5,114,22,19.3,885,4.59,11.2,17,1.51,1
CUST00607,43.8,1562581.08,2972.95,44.3,82.0,1352000.0,42.6,62,6,9.68,901,13.87,10.1,24,34.53,0
CUST00608,29.8,2859508.27,7996.39,1.9,18.0,1957000.0,119.3,150,20,13.33,1666,12.26,15.2,27,19.54,1
CUST00609,47.5,365360.78,640.98,23.2,69.0,725000.0,115.4,168,19,11.31,220,3.84,16.9,5,1.6,1
CUST00610,24.9,974125.92,3260.13,4.2,116.0,639000.0,28.0,173,33,19.08,173,9.37,9.2,0,8.59,0
CUST00611,21.1,827325.5,3267.48,6.6,67.0,1009000.0,8.3,57,2,3.51,451,6.54,20.4,21,23.74,0
CUST00612,47.0,2958085.17,5244.83,30.1,92.0,623000.0,0.9,41,7,17.07,161,16.58,15.1,7,26.29,1
CUST00613,44.1,2328012.57,4399.12,34.6,98.0,647000.0,105.7,121,11,9.09,1464,16.93,19.8,12,30.65,1
CUST00614,9.6,1283217.35,11139.04,54.0,102.0,970000.0,109.3,51,9,17.65,225,8.17,23.6,7,44.28,1
CUST00615,44.2,2711800.84,5112.75,40.0,45.0,1480000.0,108.3,131,13,9.92,1590,11.28,24.9,2,37.77,1
CUST00616,39.2,2079975.53,4421.72,9.9,33.0,185000.0,3.2,168,29,17.26,810,7.2,10.0,6,19.83,0
CUST00617,6.6,4589828.03,57952.37,19.6,95.0,1021000.0,8.2,145,21,14.48,526,14.41,10.9,15,41.02,1
CUST00618,9.4,139427.33,1236.06,6.0,40.0,1116000.0,46.9,24,0,0.0,1417,5.83,11.0,5,10.83,0
CUST00619,34.1,1120024.17,2737.11,41.8,107.0,1642000.0,76.9,188,6,3.19,829,13.96,11.1,19,0.23,0
CUST00620,38.6,4647661.73,10033.81,22.5,46.0,274000.0,50.6,8,1,12.5,1710,4.25,16.7,7,47.94,1
CUST00621,41.9,3337338.33,6637.51,43.4,47.0,1074000.0,97.9,87,17,19.54,1313,4.2,5.2,17,19.75,1
CUST00622,12.4,574132.31,3858.42,19.4,21.0,1343000.0,1.4,59,7,11.86,480,1.79,20.4,20,31.2,1
CUST00623,44.4,2084929.34,3913.16,46.1,83.0,1982000.0,85.5,150,5,3.33,545,19.2,15.0,20,34.82,1
CUST00624,48.6,3483917.68,5973.8,19.9,83.0,1780000.0,38.2,175,30,17.14,168,7.03,15.2,18,22.45,1
CUST00625,37.3,2541929.22,5679.02,42.3,43.0,140000.0,91.1,36,4,11.11,514,14.89,18.9,19,3.97,1
CUST00626,25.4,1049958.35,3444.75,22.5,85.0,552000.0,87.0,118,23,19.49,703,3.12,7.9,25,38.02,1
CUST00627,48.9,3257829.8,5551.86,17.3,20.0,1709000.0,39.8,67,3,4.48,1134,1.55,22.9,7,40.07,1
CUST00628,11.9,4369893.62,30601.5,31.3,48.0,1297000.0,7.8,130,2,1.54,424,1.52,24.8,30,10.21,0
CUST00629,30.0,4164543.35,11568.18,55.9,71.0,249000.0,87.0,84,5,5.95,1507,4.35,10.6,19,12.45,0
CUST00630,23.0,3196238.67,11580.57,16.3,97.0,252000.0,116.7,106,12,11.32,373,9.68,10.6,19,36.75,1
CUST00631,41.2,3978115.08,8046.35,1.2,47.0,1723000.0,91.1,81,4,4.94,1162,14.67,6.4,14,15.29,0
CUST00632,28.5,2430179.45,7105.79,20.0,91.0,472000.0,109.9,6,0,0.0,1794,10.26,18.1,15,20.23,1
CUST00633,20.3,3723860.22,15286.78,23.0,53.0,1976000.0,8.5,14,0,0.0,818,18.68,4.1,24,21.81,0
CUST00634,45.7,3625114.2,6610.35,30.6,74.0,1408000.0,83.6,171,24,14.04,898,14.85,6.1,1,46.07,1
CUST00635,35.6,189867.59,444.45,39.9,52.0,1250000.0,113.3,42,4,9.52,536,12.24,23.8,26,8.07,1
CUST00636,5.5,3572466.86,54128.29,23.1,92.0,1951000.0,9.6,53,6,11.32,369,16.68,6.3,9,25.03,0
CUST00637,44.4,2951094.87,5538.84,44.0,101.0,1856000.0,104.3,32,5,15.62,1202,15.65,8.6,4,13.45,1
CUST00638,37.7,3510094.53,7758.83,0.4,21.0,1034000.0,11.6,183,26,14.21,1105,8.63,7.2,13,8.53,0
CUST00639,35.5,1030201.62,2418.31,10.9,114.0,956000.0,97.7,52,3,5.77,150,15.12,20.2,6,12.97,1
CUST00640,21.0,3152845.03,12511.29,37.5,109.0,416000.0,35.2,101,3,2.97,596,1.75,0.7,7,23.89,1
CUST00641,5.9,352229.51,4974.99,45.1,46.0,1207000.0,118.5,29,1,3.45,1099,15.94,9.4,16,49.34,1
CUST00642,46.7,2392497.33,4269.27,20.2,63.0,804000.0,106.8,85,7,8.24,769,13.47,9.5,1,48.77,1
CUST00643,40.5,65269.08,134.3,52.2,79.0,1687000.0,111.0,11,2,18.18,281,17.45,7.0,22,37.57,1
CUST00644,23.1,3446615.23,12433.68,52.2,87.0,1354000.0,0.4,168,20,11.9,64,12.86,21.8,25,36.79,1
CUST00645,12.4,2448453.91,16454.66,44.4,104.0,762000.0,112.7,126,21,16.67,1785,14.14,2.5,12,14.69,1
CUST00646,8.0,2624269.42,27336.14,34.3,108.0,1059000.0,15.3,27,2,7.41,1734,13.62,13.7,27,23.34,1
CUST00647,47.8,2436734.3,4248.14,32.4,54.0,424000.0,113.3,184,5,2.72,246,8.98,17.9,5,46.45,1
CUST00648,19.8,1437771.34,6051.23,43.2,94.0,1908000.0,80.5,175,8,4.57,1124,12.85,12.3,25,34.59,1
CUST00649,46.7,3843370.06,6858.26,36.0,90.0,816000.0,86.1,193,24,12.44,1369,13.02,14.0,27,21.85,1
CUST00650,13.7,1490333.69,9065.29,6.7,45.0,1225000.0,22.6,34,4,11.76,783,2.98,7.8,12,28.85,0
CUST00651,4.0,2701235.05,56275.73,50.8,119.0,707000.0,43.8,178,8,4.49,1094,13.44,14.8,3,19.77,0
CUST00652,23.6,766268.89,2705.75,56.6,110.0,1050000.0,54.7,158,18,11.39,328,15.07,21.2,26,35.15,1
CUST00653,16.1,4952158.8,25632.29,7.4,120.0,1442000.0,57.4,60,7,11.67,626,14.23,9.4,25,16.66,0
CUST00654,11.3,3676657.61,27113.99,48.6,99.0,200000.0,103.9,50,7,14.0,1519,8.14,24.6,21,45.62,1
CUST00655,2.1,1991813.59,79040.22,25.3,70.0,762000.0,47.0,23,4,17.39,1518,6.02,17.4,6,35.06,1
CUST00656,5.8,1650922.0,23720.14,47.5,110.0,203000.0,112.1,82,14,17.07,1370,3.69,3.4,22,24.12,1
CUST00657,11.3,4031574.29,29731.37,11.7,82.0,788000.0,102.7,31,5,16.13,1638,19.78,3.7,30,49.14,1
CUST00658,9.2,328840.97,2978.63,21.3,68.0,1896000.0,14.1,136,20,14.71,723,12.07,24.2,20,36.13,1
CUST00659,6.8,2013391.75,24673.92,18.2,79.0,428000.0,89.4,182,5,2.75,1622,9.54,20.5,12,13.76,0
CUST00660,19.0,644001.91,2824.57,5.0,61.0,1371000.0,61.2,10,2,20.0,1203,19.75,12.0,22,37.27,1
CUST00661,9.9,2446747.81,20595.52,38.7,74.0,1186000.0,11.9,21,4,19.05,408,8.4,17.5,12,27.8,1
CUST00662,40.8,2468388.15,5041.64,31.1,83.0,1456000.0,94.8,36,3,8.33,1378,18.0,4.5,19,34.76,1
CUST00663,22.9,1605765.61,5843.4,2.3,70.0,1340000.0,10.5,70,13,18.57,1572,1.18,24.5,16,14.93,1
CUST00664,9.4,4886660.34,43321.46,39.5,59.0,188000.0,113.5,80,14,17.5,316,11.75,17.4,16,45.54,1
CUST00665,30.7,2577422.21,6996.26,41.3,93.0,185000.0,4.4,41,4,9.76,1783,16.74,23.9,19,27.6,1
CUST00666,14.6,3659066.8,20885.08,25.3,77.0,595000.0,78.0,46,6,13.04,964,2.12,6.4,13,47.01,1
CUST00667,11.0,3166362.6,23987.6,16.2,82.0,1327000.0,85.7,149,21,14.09,1356,16.5,15.1,13,41.08,1
CUST00668,39.6,1925762.41,4052.53,57.8,73.0,613000.0,63.8,180,35,19.44,863,1.79,16.0,11,45.46,1
CUST00669,8.2,4000581.96,40656.32,16.4,27.0,1961000.0,26.7,31,6,19.35,282,3.93,18.2,9,29.44,1
CUST00670,5.7,1777056.05,25980.35,34.3,58.0,615000.0,11.9,17,1,5.88,681,18.96,9.7,11,40.3,1
CUST00671,39.6,2780774.89,5851.8,52.9,80.0,1225000.0,31.1,180,32,17.78,1490,3.53,3.2,12,28.38,0
CUST00672,46.0,3214007.78,5822.48,22.2,98.0,1389000.0,50.2,122,5,4.1,928,19.73,20.0,16,14.34,0
CUST00673,26.5,3606410.71,11340.91,55.4,70.0,1308000.0,10.4,83,13,15.66,1608,6.6,2.3,2,3.83,0
CUST00674,5.6,2897817.65,43122.29,5.1,38.0,1866000.0,97.0,7,1,14.29,1416,10.42,18.3,15,24.89,1
CUST00675,34.2,2685426.26,6543.44,7.5,9.0,461000.0,99.8,6,1,16.67,1468,10.92,8.6,23,33.06,1
CUST00676,50.0,4727459.85,7879.1,41.0,44.0,952000.0,20.2,200,33,16.5,490,3.91,9.2,4,25.68,1
CUST00677,21.7,1926519.09,7398.31,22.4,33.0,1837000.0,30.0,143,27,18.88,1599,17.23,7.3,15,14.68,0
CUST00678,37.2,2865767.63,6419.73,13.0,46.0,1873000.0,77.2,14,1,7.14,1295,17.04,1.4,0,30.78,0
CUST00679,18.3,75514.34,343.87,53.4,66.0,774000.0,12.2,130,6,4.62,203,10.82,22.5,13,6.19,0
CUST00680,8.6,3300335.56,31980.0,13.6,56.0,669000.0,51.4,51,8,15.69,1692,5.75,24.7,21,41.97,0
CUST00681,18.3,2198102.77,10009.58,21.6,107.0,477000.0,22.7,15,1,6.67,838,8.71,8.3,1,8.02,0
CUST00682,24.5,3342952.33,11370.59,15.9,60.0,1145000.0,96.0,187,8,4.28,695,15.15,19.5,12,25.09,1
CUST00683,42.3,1974800.11,3890.47,6.6,19.0,140000.0,18.7,133,0,0.0,1601,13.85,1.3,26,17.11,0
CUST00684,37.1,2199926.15,4941.43,17.4,67.0,1546000.0,29.7,44,8,18.18,412,5.36,19.2,27,13.18,1
CUST00685,33.7,2174336.69,5376.7,28.4,100.0,296000.0,87.7,161,11,6.83,416,19.85,14.8,20,7.44,0
CUST00686,20.7,1405615.11,5658.68,11.5,27.0,134000.0,24.0,18,3,16.67,864,10.74,17.5,7,11.09,0
CUST00687,4.0,2164010.5,45083.55,3.1,16.0,791000.0,113.2,187,26,13.9,535,6.74,1.2,1,0.03,0
CUST00688,16.8,1462319.0,7253.57,16.8,79.0,919000.0,30.3,130,11,8.46,714,6.43,2.4,0,34.15,1
CUST00689,7.4,1834815.1,20662.33,48.6,102.0,1219000.0,72.6,65,10,15.38,595,4.6,9.6,28,5.32,1
CUST00690,30.5,253142.73,691.65,58.1,113.0,1653000.0,23.2,119,3,2.52,183,18.87,15.5,9,36.27,1
CUST00691,10.9,3617808.86,27659.09,2.6,25.0,1146000.0,30.3,199,35,17.59,741,17.95,11.2,22,5.87,0
CUST00692,24.7,2642625.67,8915.74,57.1,107.0,417000.0,32.9,38,4,10.53,123,19.14,1.5,22,9.51,1
CUST00693,25.3,2685725.77,8846.26,30.8,37.0,932000.0,61.1,148,24,16.22,829,8.32,6.8,5,0.18,0
CUST00694,30.0,93863.56,260.73,55.7,89.0,1057000.0,86.5,71,4,5.63,1775,4.8,17.7,17,5.96,0
CUST00695,27.1,1494624.31,4596.02,38.4,115.0,628000.0,16.0,18,1,5.56,1716,4.59,2.9,20,17.37,0
CUST00696,19.1,462068.47,2016.01,42.3,85.0,1472000.0,49.0,161,18,11.18,694,19.71,15.6,0,41.2,1
CUST00697,48.3,924839.43,1595.65,58.3,91.0,1960000.0,93.4,154,3,1.95,1509,15.04,9.5,20,12.87,0
CUST00698,30.6,1070487.1,2915.27,26.5,57.0,487000.0,75.6,197,25,12.69,348,9.2,18.2,13,18.43,1
CUST00699,5.6,948492.04,14114.46,11.1,105.0,459000.0,58.9,191,11,5.76,1356,6.0,7.8,28,8.89,0
CUST00700,30.8,393797.89,1065.47,4.3,33.0,1827000.0,116.4,30,5,16.67,1108,3.18,18.8,0,30.16,1
CUST00701,2.0,4141483.13,172561.8,45.8,94.0,183000.0,29.8,26,2,7.69,322,18.8,15.0,25,48.32,1
CUST00702,6.2,3693850.98,49648.53,20.3,91.0,484000.0,57.7,149,28,18.79,939,16.4,7.7,15,7.73,0
CUST00703,34.9,3156054.97,7535.95,7.4,100.0,295000.0,35.6,135,26,19.26,880,3.27,22.8,0,11.33,0
CUST00704,18.3,1469888.73,6693.48,55.3,100.0,1405000.0,85.8,33,3,9.09,377,19.82,5.6,30,47.79,1
CUST00705,31.2,635837.3,1698.28,55.4,115.0,1802000.0,72.5,50,6,12.0,1116,7.03,4.5,13,7.51,1
CUST00706,15.8,4096934.6,21608.3,20.9,31.0,1841000.0,79.4,72,12,16.67,1486,16.07,19.7,27,46.65,1
CUST00707,33.1,1635267.22,4116.99,23.4,93.0,1593000.0,57.4,22,0,0.0,1213,8.84,18.2,4,4.52,0
CUST00708,9.9,1955836.12,16463.27,19.2,62.0,1417000.0,49.7,167,21,12.57,313,16.14,16.3,7,19.16,1
CUST00709,27.4,2488376.96,7568.06,32.2,52.0,259000.0,85.8,139,18,12.95,1620,14.02,18.7,22,4.36,1
CUST00710,11.0,4260445.79,32276.1,21.7,68.0,354000.0,13.2,94,11,11.7,1768,17.06,19.5,4,14.73,0
CUST00711,42.8,4860507.03,9463.6,54.8,71.0,1673000.0,6.7,40,1,2.5,1454,14.23,9.4,0,34.81,0
CUST00712,3.7,574748.66,12944.79,34.9,75.0,1228000.0,19.0,42,5,11.9,319,2.04,1.9,18,41.55,1
CUST00713,38.5,2375335.45,5141.42,8.4,67.0,1903000.0,56.4,189,21,11.11,939,15.74,17.4,9,5.56,0
CUST00714,32.5,3040659.31,7796.56,10.4,28.0,853000.0,50.8,121,17,14.05,1486,16.68,23.0,16,15.3,0
CUST00715,46.6,1395546.66,2495.61,5.5,49.0,1907000.0,89.2,107,19,17.76,144,4.77,4.6,23,48.8,1
CUST00716,4.8,3477511.65,60373.47,28.6,88.0,870000.0,45.7,18,2,11.11,1354,8.77,6.7,3,3.89,0
CUST00717,42.5,188841.86,370.28,16.9,73.0,224000.0,71.7,198,19,9.6,414,11.26,16.0,1,12.02,0
CUST00718,28.9,272128.96,784.69,59.2,89.0,191000.0,11.2,84,0,0.0,760,15.16,24.0,16,9.74,0
CUST00719,36.6,4870561.18,11089.62,42.2,50.0,874000.0,89.0,30,4,13.33,1683,15.61,0.6,25,19.11,1
CUST00720,42.7,1486090.94,2900.26,9.1,60.0,1782000.0,11.2,188,14,7.45,471,16.25,16.4,24,35.93,1
CUST00721,25.6,4961780.42,16151.63,36.5,80.0,1560000.0,53.7,38,5,13.16,625,7.53,21.4,13,2.0,1
CUST00722,34.5,1233597.61,2979.7,59.8,96.0,1920000.0,68.0,132,3,2.27,1678,0.79,19.2,9,27.36,1
CUST00723,39.3,481480.04,1020.95,5.6,41.0,1875000.0,19.4,76,11,14.47,753,2.24,4.5,24,23.04,0
CUST00724,48.9,3827574.53,6522.79,26.5,113.0,1886000.0,116.6,129,1,0.78,774,17.25,10.0,27,30.98,1
CUST00725,22.6,2586772.3,9538.25,37.5,63.0,259000.0,49.6,120,8,6.67,1427,1.33,24.4,1,37.05,1
CUST00726,41.2,89317.58,180.66,51.2,71.0,401000.0,47.9,23,1,4.35,825,17.55,16.7,11,23.29,0
CUST00727,45.1,2351022.34,4344.09,5.1,89.0,1843000.0,110.7,115,6,5.22,852,6.91,7.9,19,24.31,1
CUST00728,24.3,1427956.56,4896.97,2.3,21.0,993000.0,76.8,86,1,1.16,1261,15.6,1.6,25,18.07,0
CUST00729,24.2,317683.7,1093.95,52.1,117.0,1399000.0,32.4,167,11,6.59,201,3.26,6.8,2,14.92,0
CUST00730,43.7,2647650.82,5048.91,40.2,61.0,1678000.0,11.1,114,10,8.77,1572,6.29,5.0,30,20.96,0
CUST00731,34.8,845411.34,2024.45,41.8,70.0,1417000.0,46.7,7,0,0.0,189,14.59,14.5,4,16.19,0
CUST00732,47.0,3727039.92,6608.23,44.2,68.0,386000.0,55.0,42,7,16.67,1800,6.67,19.8,21,20.32,1
CUST00733,1.2,2280266.89,158351.87,50.0,59.0,954000.0,116.3,29,0,0.0,477,15.04,4.7,22,27.3,0
CUST00734,19.5,1773023.49,7577.02,57.1,118.0,1196000.0,1.7,98,0,0.0,648,17.98,12.6,27,6.24,0
CUST00735,50.0,2099565.95,3499.28,21.1,103.0,909000.0,116.9,90,3,3.33,390,9.45,9.3,17,29.74,0
CUST00736,19.7,4233203.46,17906.95,41.3,76.0,638000.0,74.4,30,0,0.0,1680,16.83,2.2,0,30.81,1
CUST00737,25.3,3771047.46,12421.1,55.6,62.0,944000.0,69.7,13,2,15.38,623,17.11,5.3,24,22.73,1
CUST00738,10.6,2374392.5,18666.61,7.5,116.0,1837000.0,49.6,170,25,14.71,45,18.82,19.6,16,14.18,0
CUST00739,14.0,4200496.67,25002.96,47.7,78.0,559000.0,108.0,111,1,0.9,61,1.01,19.8,26,40.84,1
CUST00740,30.4,1708695.19,4683.92,57.5,120.0,559000.0,116.8,54,9,16.67,1349,8.17,1.3,29,28.89,1
CUST00741,32.2,4887910.39,12649.87,10.4,109.0,1083000.0,52.5,30,5,16.67,1670,2.96,3.0,18,39.21,1
CUST00742,31.7,1338139.11,3517.72,33.2,116.0,487000.0,11.2,116,0,0.0,1317,15.52,3.8,19,35.38,1
CUST00743,4.9,1942904.0,33042.59,44.5,54.0,962000.0,75.8,96,5,5.21,520,13.22,5.5,6,26.77,0
CUST00744,39.2,3940938.59,8377.85,46.2,95.0,622000.0,112.2,165,1,0.61,1337,19.7,21.7,3,22.96,1
CUST00745,6.2,1448192.04,19464.95,53.7,60.0,1039000.0,43.4,58,6,10.34,236,10.08,0.5,2,24.33,1
CUST00746,11.3,2128540.24,15697.2,53.4,96.0,957000.0,19.3,81,0,0.0,395,13.36,15.8,27,1.57,0
CUST00747,49.7,2445359.41,4100.2,36.8,82.0,401000.0,89.0,36,3,8.33,1271,1.08,0.6,16,38.05,1
CUST00748,18.9,4497933.24,19832.16,1.8,18.0,259000.0,83.0,37,4,10.81,590,9.89,23.8,11,35.4,1
CUST00749,23.9,4054608.07,14137.41,26.2,115.0,1852000.0,30.0,55,10,18.18,1762,17.8,7.0,12,5.14,0
CUST00750,29.8,869982.92,2432.84,12.3,90.0,924000.0,53.5,157,17,10.83,1700,6.72,2.7,12,21.47,0
CUST00751,19.3,3181857.41,13738.59,3.9,23.0,164000.0,61.4,155,26,16.77,631,12.28,21.9,30,48.26,1
CUST00752,2.5,940525.97,31350.87,19.4,99.0,780000.0,8.7,173,23,13.29,791,3.33,7.9,0,15.93,0
CUST00753,17.1,2353614.3,11469.86,47.7,113.0,1167000.0,46.3,159,13,8.18,1109,4.74,14.0,22,30.4,1
CUST00754,43.1,420379.77,812.8,53.6,82.0,1537000.0,38.1,86,6,6.98,433,1.47,12.3,1,49.51,1
CUST00755,7.1,897141.66,10529.83,19.6,58.0,1195000.0,34.2,169,0,0.0,975,6.05,21.0,12,1.85,0
CUST00756,26.8,1720079.85,5348.51,1.0,57.0,1677000.0,49.8,82,8,9.76,679,15.2,10.0,17,38.73,0
CUST00757,3.3,1527296.88,38568.1,59.0,89.0,1318000.0,109.3,100,19,19.0,240,1.07,1.2,0,6.94,1
CUST00758,43.2,3635054.13,7012.06,13.6,23.0,1476000.0,97.5,142,0,0.0,1439,17.43,6.5,25,2.15,0
CUST00759,15.9,1355449.3,7104.03,41.3,104.0,821000.0,83.8,40,7,17.5,275,2.96,21.5,24,29.21,1
CUST00760,44.9,3202673.05,5944.09,40.1,82.0,557000.0,57.4,130,8,6.15,689,15.57,12.1,2,13.19,0
CUST00761,5.1,2814650.41,45991.02,52.4,97.0,1497000.0,24.7,24,0,0.0,1042,1.68,0.3,6,23.41,0
CUST00762,24.9,1735228.19,5807.32,48.8,103.0,1076000.0,37.6,84,14,16.67,1372,3.5,12.6,29,6.5,1
CUST00763,19.9,2289537.87,9587.68,37.2,54.0,860000.0,8.2,113,5,4.42,1435,6.49,21.7,20,5.1,0
CUST00764,6.3,595485.93,7876.8,1.0,56.0,607000.0,57.1,140,14,10.0,750,5.68,23.2,2,17.72,0
CUST00765,20.4,2182699.7,8916.26,20.0,64.0,803000.0,5.9,102,13,12.75,427,6.23,10.1,19,13.8,0
CUST00766,26.4,590463.58,1863.84,3.0,32.0,311000.0,13.8,14,2,14.29,575,5.16,13.3,8,11.32,0
CUST00767,36.1,1989945.04,4593.59,6.1,90.0,1771000.0,32.2,57,2,3.51,1639,4.47,15.9,22,29.82,0
CUST00768,5.6,2541038.75,37813.08,42.0,79.0,680000.0,108.8,66,2,3.03,675,13.79,4.2,10,44.99,1
CUST00769,1.6,2399273.42,124962.16,20.0,38.0,601000.0,9.2,178,0,0.0,1246,7.37,11.8,0,24.42,0
CUST00770,6.4,4103685.87,53433.41,34.0,119.0,1687000.0,63.0,47,2,4.26,1617,2.33,7.6,23,16.78,0
CUST00771,18.2,2751289.61,12597.48,39.8,60.0,972000.0,99.3,82,10,12.2,1090,15.6,21.4,28,42.18,1
CUST00772,14.2,2620579.06,15378.99,38.4,50.0,880000.0,26.4,41,5,12.2,1049,1.1,14.4,22,48.66,1
CUST00773,37.5,1009518.46,2243.37,57.3,97.0,1934000.0,105.3,178,34,19.1,950,19.75,21.9,5,13.27,1
CUST00774,44.5,1985579.82,3718.31,25.0,119.0,688000.0,4.9,138,22,15.94,733,16.77,3.1,25,22.75,1
CUST00775,39.8,1477622.24,3093.85,58.2,89.0,1403000.0,56.0,43,8,18.6,623,12.66,16.6,9,24.34,1
CUST00776,15.4,2296598.0,12427.48,13.0,101.0,335000.0,58.6,6,1,16.67,751,13.37,0.0,8,6.89,0
CUST00777,39.5,2534866.52,5347.82,57.5,93.0,1912000.0,85.6,41,3,7.32,914,11.91,2.0,7,1.61,1
CUST00778,13.2,3408576.37,21518.79,23.2,62.0,1818000.0,107.2,82,9,10.98,384,11.5,17.0,10,40.22,1
CUST00779,38.6,1287601.2,2779.8,25.0,44.0,679000.0,35.7,165,29,17.58,1147,4.08,19.6,26,21.84,0
CUST00780,22.7,1600639.29,5876.06,56.1,102.0,990000.0,51.3,112,13,11.61,974,1.04,14.0,30,38.34,1
CUST00781,7.9,4538901.48,47878.71,47.2,89.0,809000.0,74.5,149,28,18.79,630,1.54,21.1,4,20.15,1
CUST00782,40.6,4380808.82,8991.81,27.6,33.0,204000.0,99.6,171,6,3.51,712,12.09,20.5,18,24.07,0
CUST00783,4.0,3715341.05,77402.94,40.5,99.0,201000.0,24.6,41,8,19.51,1546,19.36,3.4,28,33.78,1
CUST00784,15.7,1588909.6,8433.7,59.3,60.0,1021000.0,82.5,34,0,0.0,30,3.48,22.0,16,4.84,0
CUST00785,24.2,4171995.94,14366.38,26.6,32.0,331000.0,48.5,52,3,5.77,1753,17.03,6.5,19,34.07,1
CUST00786,31.2,2190150.81,5849.76,38.2,53.0,1655000.0,78.9,48,8,16.67,1548,14.14,5.0,15,14.5,1
CUST00787,48.0,2490172.47,4323.22,40.1,71.0,1426000.0,12.9,111,13,11.71,333,1.05,11.4,18,19.47,1
CUST00788,2.7,3269590.52,100913.29,39.4,75.0,1825000.0,42.6,40,7,17.5,1510,9.44,0.2,5,17.89,1
CUST00789,25.7,1776728.7,5761.12,42.4,73.0,219000.0,78.7,95,18,18.95,724,9.46,21.5,4,13.92,1
CUST00790,15.8,1999947.21,10548.24,55.0,97.0,815000.0,56.6,173,11,6.36,1209,14.32,12.7,21,26.27,0
CUST00791,16.9,4778213.25,23561.21,20.9,82.0,867000.0,5.4,192,10,5.21,504,2.38,2.7,29,33.97,0
CUST00792,12.3,3870129.43,26220.39,55.0,107.0,300000.0,105.7,191,24,12.57,1577,19.48,23.1,1,30.6,1
CUST00793,42.5,410764.39,805.42,45.8,91.0,1697000.0,110.8,87,3,3.45,1460,9.27,3.3,20,28.69,0
CUST00794,13.4,2215698.53,13779.22,17.2,38.0,408000.0,97.7,54,1,1.85,1222,0.97,24.0,3,10.18,1
CUST00795,44.8,1829826.96,3403.7,24.5,77.0,237000.0,22.2,191,33,17.28,1046,4.21,5.2,26,23.69,0
CUST00796,31.3,2815551.69,7496.14,8.3,16.0,912000.0,45.1,23,4,17.39,190,2.98,12.9,3,5.9,0
CUST00797,30.5,1688052.98,4612.17,13.4,114.0,1852000.0,30.2,185,22,11.89,169,17.51,3.9,9,3.74,0
CUST00798,42.8,4662454.8,9077.99,30.0,66.0,208000.0,83.7,33,4,12.12,994,18.77,24.6,20,1.5,1
CUST00799,13.8,1705979.17,10301.81,45.9,56.0,1139000.0,88.1,198,3,1.52,512,10.12,20.1,18,45.22,1
CUST00800,38.5,225042.27,487.1,58.9,117.0,1236000.0,73.5,25,4,16.0,1010,18.96,6.8,1,5.2,1
CUST00801,12.0,1783775.53,12387.33,28.7,100.0,1765000.0,27.3,19,0,0.0,1614,15.75,4.9,19,43.01,0
CUST00802,37.2,2784855.0,6238.47,3.1,93.0,1421000.0,51.6,114,17,14.91,312,2.75,2.9,19,49.13,0
CUST00803,10.5,2210797.91,17546.02,3.5,31.0,1218000.0,27.3,196,34,17.35,1193,1.39,20.0,27,35.99,1
CUST00804,4.8,677243.68,11757.7,10.8,16.0,764000.0,78.6,67,4,5.97,295,12.32,12.0,3,32.83,0
CUST00805,47.0,1069011.76,1895.41,42.3,106.0,1806000.0,103.1,118,22,18.64,649,18.86,19.5,9,43.45,1
CUST00806,44.8,1628351.8,3028.93,32.5,42.0,759000.0,49.3,164,31,18.9,602,2.03,22.8,26,48.8,1
CUST00807,37.4,1093309.68,2436.07,22.3,102.0,370000.0,117.3,183,28,15.3,1361,15.4,23.8,0,24.95,1
CUST00808,14.6,1951674.46,11139.69,49.6,56.0,630000.0,73.2,131,0,0.0,1796,7.96,11.1,7,10.29,0
CUST00809,22.1,308685.27,1163.97,18.3,73.0,761000.0,3.1,160,21,13.12,1726,18.2,20.3,18,10.83,0
CUST00810,36.6,3126576.08,7118.8,51.9,105.0,1864000.0,90.3,32,4,12.5,824,19.07,23.3,9,42.93,1
CUST00811,23.7,2884382.64,10141.99,34.1,79.0,409000.0,45.8,195,15,7.69,300,18.2,7.0,21,47.55,0
CUST00812,13.2,2736882.55,17278.3,20.3,60.0,1270000.0,43.4,173,16,9.25,1632,13.23,19.3,0,6.22,0
CUST00813,16.7,1359361.85,6783.24,10.7,61.0,936000.0,56.0,96,15,15.62,1336,16.96,5.4,1,28.98,0
CUST00814,45.0,2779666.96,5147.53,57.2,85.0,590000.0,94.4,71,13,18.31,1043,2.98,15.8,4,43.56,1
CUST00815,12.4,3290274.1,22112.06,11.1,66.0,937000.0,38.1,146,22,15.07,496,1.69,17.9,8,48.76,1
CUST00816,42.4,4254566.26,8361.96,32.4,36.0,546000.0,13.1,134,14,10.45,261,10.47,5.9,10,28.52,1
CUST00817,34.4,403396.21,977.22,25.6,52.0,147000.0,72.8,97,10,10.31,865,18.0,9.4,30,48.68,1
CUST00818,8.9,270822.36,2535.79,55.8,114.0,149000.0,73.1,85,16,18.82,1495,15.73,12.7,18,35.64,1
CUST00819,19.6,2934296.92,12475.75,39.4,51.0,1549000.0,77.9,24,1,4.17,1187,10.32,14.4,17,36.7,1
CUST00820,6.9,4398474.04,53121.67,47.9,92.0,1352000.0,62.4,86,8,9.3,429,16.8,7.3,7,16.43,1
CUST00821,48.9,1192908.98,2032.91,18.9,117.0,1417000.0,53.4,109,11,10.09,193,7.36,12.6,29,18.11,0
CUST00822,12.3,3942205.5,26708.71,13.8,102.0,1975000.0,111.1,67,12,17.91,864,13.65,16.6,19,13.01,0
CUST00823,16.4,453454.49,2304.14,25.3,118.0,1194000.0,75.9,55,2,3.64,959,0.8,3.0,8,38.28,1
CUST00824,24.0,549927.08,1909.47,52.2,109.0,145000.0,20.0,23,1,4.35,1084,17.4,23.0,28,21.12,0
CUST00825,35.1,1245102.79,2956.08,17.6,52.0,1667000.0,40.4,160,6,3.75,1509,1.38,18.5,11,47.5,1
CUST00826,31.9,3716452.52,9708.6,26.1,97.0,1430000.0,88.0,190,37,19.47,1709,18.76,2.1,28,0.39,0
CUST00827,34.0,2294959.42,5624.9,19.2,37.0,1473000.0,33.5,29,1,3.45,638,10.12,1.2,16,44.87,0
CUST00828,42.4,2162113.17,4249.44,19.4,51.0,439000.0,17.2,193,13,6.74,911,10.62,14.4,19,15.72,0
CUST00829,9.1,1474823.65,13505.71,29.2,50.0,422000.0,112.7,71,9,12.68,1573,2.57,5.8,8,7.05,0
CUST00830,42.1,3786580.46,7495.21,1.6,108.0,1924000.0,64.8,54,0,0.0,1030,16.73,0.6,6,14.09,0
CUST00831,21.9,2251882.15,8568.81,7.6,59.0,1844000.0,86.0,35,7,20.0,915,10.12,2.2,4,49.65,1
CUST00832,6.7,1800919.76,22399.5,4.7,96.0,1482000.0,39.3,134,10,7.46,595,9.34,18.4,21,38.85,1
CUST00833,16.4,4627413.41,23513.28,26.0,114.0,1609000.0,38.1,147,21,14.29,1745,17.61,0.9,20,31.36,0
CUST00834,29.7,4366968.37,12253.0,13.2,34.0,993000.0,58.1,52,7,13.46,608,3.07,15.9,2,47.54,1
CUST00835,37.7,65828.67,145.51,4.0,69.0,496000.0,21.4,112,22,19.64,568,12.46,15.8,7,31.89,1
CUST00836,33.2,941318.46,2362.75,18.0,42.0,655000.0,58.2,166,25,15.06,1254,7.46,12.0,3,10.95,0
CUST00837,44.9,3831486.26,7111.15,25.2,68.0,570000.0,51.0,50,7,14.0,683,13.38,8.7,12,35.24,1
CUST00838,24.7,4033370.48,13607.86,29.4,67.0,546000.0,34.9,134,6,4.48,1772,15.77,1.5,24,16.16,0
CUST00839,21.2,4054701.19,15938.29,25.5,50.0,204000.0,58.3,61,5,8.2,1333,16.46,7.7,13,11.07,0
CUST00840,27.3,3908782.41,11931.57,6.6,116.0,1260000.0,15.5,143,0,0.0,1509,0.91,9.5,24,35.24,0
CUST00841,38.6,2786826.24,6016.46,39.3,81.0,788000.0,23.8,45,8,17.78,840,17.26,5.7,25,8.07,0
CUST00842,21.3,2787108.29,10904.18,14.9,16.0,1706000.0,90.6,139,3,2.16,1057,8.26,12.1,5,14.15,0
CUST00843,31.9,3455946.65,9028.07,2.0,90.0,1645000.0,45.3,107,4,3.74,1705,14.94,6.7,2,3.83,0
CUST00844,35.5,3676562.22,8630.43,1.2,89.0,1129000.0,110.3,29,5,17.24,1234,15.96,4.9,19,42.97,1
CUST00845,21.8,3730242.62,14259.34,18.1,65.0,289000.0,116.3,152,15,9.87,801,6.18,2.3,30,20.32,0
CUST00846,14.9,3529253.34,19738.55,30.4,65.0,1987000.0,87.3,100,17,17.0,1493,2.61,5.6,0,19.87,1
CUST00847,19.1,2837608.68,12380.49,38.6,66.0,1638000.0,117.1,29,4,13.79,376,4.55,23.6,18,12.5,1
CUST00848,31.2,2393897.56,6393.96,43.4,87.0,542000.0,92.1,69,6,8.7,667,14.94,20.9,1,16.07,1
CUST00849,20.9,77580.26,309.33,41.4,101.0,1610000.0,65.5,85,7,8.24,689,9.5,12.1,17,42.93,1
CUST00850,5.0,569967.19,9499.45,42.0,71.0,1538000.0,19.5,196,7,3.57,370,4.35,21.7,3,1.95,0
CUST00851,9.4,4025610.47,35688.04,29.2,97.0,1139000.0,47.9,80,3,3.75,921,19.92,18.0,28,33.83,0
CUST00852,31.1,1889577.47,5063.18,39.0,50.0,1094000.0,24.5,162,23,14.2,1093,12.29,11.8,6,46.81,1
CUST00853,36.3,4269361.06,9801.1,8.1,67.0,1676000.0,1.2,111,5,4.5,337,9.67,24.8,0,15.59,0
CUST00854,35.0,2711770.9,6456.6,19.9,26.0,991000.0,18.8,94,17,18.09,492,7.23,0.4,6,13.73,0
CUST00855,43.5,2943118.51,5638.16,18.3,82.0,866000.0,30.6,143,20,13.99,1380,4.45,14.8,3,36.53,0
CUST00856,13.9,556494.52,3336.3,47.8,90.0,1556000.0,39.6,156,17,10.9,1683,14.88,15.4,29,23.67,1
CUST00857,39.4,4945981.77,10461.04,5.5,97.0,378000.0,19.8,5,1,20.0,189,17.97,1.3,16,40.36,0
CUST00858,24.1,1547663.69,5351.53,45.6,64.0,847000.0,92.9,185,30,16.22,757,6.58,13.0,16,3.91,1
CUST00859,11.5,872275.74,6320.84,38.0,61.0,371000.0,52.5,118,15,12.71,1453,15.88,17.1,17,44.99,1
CUST00860,9.7,4337385.27,37262.76,51.3,104.0,757000.0,50.9,162,12,7.41,813,7.8,23.3,0,9.79,0
CUST00861,10.5,2951632.62,23425.66,19.7,111.0,1840000.0,60.3,8,1,12.5,98,13.12,16.0,12,2.2,1
CUST00862,13.4,3145088.54,19559.01,58.3,109.0,1740000.0,111.3,160,29,18.12,1034,3.89,18.7,20,37.53,1
CUST00863,2.9,192743.0,5538.59,53.7,64.0,1499000.0,104.5,38,1,2.63,889,16.76,3.0,14,31.87,1
CUST00864,5.8,2743213.25,39413.98,59.0,71.0,1267000.0,2.0,177,20,11.3,1482,3.8,24.7,23,47.22,1
CUST00865,47.1,2045706.77,3619.44,50.3,97.0,223000.0,99.0,133,4,3.01,1522,5.7,4.3,1,13.78,0
CUST00866,25.8,906192.66,2926.98,44.8,108.0,106000.0,32.9,94,3,3.19,729,9.59,20.9,2,28.31,0
CUST00867,6.7,498280.51,6197.52,43.8,58.0,1223000.0,115.9,48,0,0.0,475,12.94,11.5,28,36.21,1
CUST00868,42.0,3229471.09,6407.68,54.1,67.0,1536000.0,15.9,18,3,16.67,1475,6.1,7.0,18,15.78,0
CUST00869,10.2,4423664.47,36141.05,10.6,43.0,1425000.0,31.7,130,11,8.46,1215,7.59,19.3,16,22.48,0
CUST00870,41.8,231818.91,462.16,50.1,77.0,1122000.0,25.3,184,27,14.67,740,13.1,17.1,9,10.37,1
CUST00871,25.7,4157795.53,13481.83,47.7,54.0,1569000.0,31.0,124,8,6.45,94,18.48,12.9,20,9.32,0
CUST00872,29.8,1892799.6,5293.06,22.7,80.0,164000.0,84.2,166,22,13.25,46,3.6,11.9,10,32.39,1
CUST00873,45.7,1566064.37,2855.7,28.0,45.0,141000.0,97.1,121,18,14.88,1209,14.04,18.3,15,41.7,1
CUST00874,19.3,1722497.39,7437.38,40.7,65.0,1944000.0,105.3,200,32,16.0,250,8.71,19.4,30,28.87,1
CUST00875,9.0,873604.43,8088.93,18.0,79.0,1425000.0,62.9,150,24,16.0,315,3.03,8.3,30,2.69,0
CUST00876,39.9,750231.68,1566.9,20.8,60.0,975000.0,79.0,56,2,3.57,647,6.5,4.6,27,10.17,0
CUST00877,13.0,3439332.2,22047.0,50.7,77.0,1007000.0,41.4,125,17,13.6,1436,8.18,5.3,15,33.42,1
CUST00878,35.6,3827128.06,8958.63,5.7,20.0,1550000.0,16.0,88,9,10.23,1708,13.66,21.8,19,19.69,0
CUST00879,24.9,3715124.13,12433.48,35.2,54.0,1256000.0,92.1,99,11,11.11,726,10.28,0.0,19,37.58,1
CUST00880,32.6,733495.51,1874.99,11.3,34.0,927000.0,40.8,172,11,6.4,901,3.44,7.8,21,41.06,0
CUST00881,48.0,2137597.61,3711.11,9.8,85.0,1685000.0,55.8,26,2,7.69,1435,14.79,16.4,12,40.18,0
CUST00882,16.6,2894676.94,14531.51,23.0,67.0,1024000.0,115.2,107,13,12.15,1609,1.56,10.6,23,31.71,1
CUST00883,40.3,2278836.21,4712.23,22.4,69.0,737000.0,64.2,98,3,3.06,1638,3.99,10.6,24,19.17,0
CUST00884,8.4,1718722.66,17050.82,56.1,94.0,475000.0,97.5,191,29,15.18,920,1.45,7.0,3,43.39,1
CUST00885,3.5,3016674.71,71825.59,22.2,64.0,1382000.0,92.0,11,2,18.18,577,3.99,8.9,0,22.34,1
CUST00886,2.7,602832.25,18605.93,43.9,84.0,853000.0,21.0,141,3,2.13,288,14.67,15.8,13,44.64,1
CUST00887,23.4,3105343.6,11058.92,55.1,114.0,1871000.0,98.5,150,14,9.33,113,1.99,9.3,4,30.47,1
CUST00888,40.8,550557.45,1124.5,30.8,96.0,742000.0,76.4,82,13,15.85,850,0.94,23.8,8,36.08,1
CUST00889,4.9,4566115.84,77655.03,57.9,107.0,1185000.0,119.4,162,32,19.75,1134,17.16,6.1,25,2.44,1
CUST00890,11.5,4680617.42,33917.52,16.5,88.0,453000.0,60.2,16,3,18.75,401,13.73,6.8,13,10.36,0
CUST00891,33.2,1410104.87,3539.42,27.7,101.0,1306000.0,11.7,62,0,0.0,1482,6.83,1.6,9,36.41,0
CUST00892,23.6,2132785.69,7531.02,35.7,81.0,1004000.0,66.9,92,10,10.87,684,7.25,11.1,14,42.72,1
CUST00893,27.1,891566.38,2741.59,23.4,62.0,1355000.0,68.6,25,5,20.0,1026,11.45,8.6,6,37.4,1
CUST00894,15.9,3766744.72,19741.85,27.1,71.0,396000.0,70.2,164,22,13.41,1186,8.91,24.9,0,37.57,1
CUST00895,37.5,4948917.19,10997.59,22.5,75.0,819000.0,113.9,36,1,2.78,840,4.76,24.8,18,14.47,1
CUST00896,38.6,4922694.41,10627.58,58.7,92.0,769000.0,26.1,158,17,10.76,684,15.52,15.8,21,44.24,1
CUST00897,38.3,1622986.73,3531.3,32.1,67.0,1732000.0,59.4,123,9,7.32,1721,18.53,3.9,27,8.88,0
CUST00898,27.1,1703571.5,5238.53,27.8,44.0,1824000.0,46.0,172,26,15.12,886,8.5,15.9,19,11.21,0
CUST00899,25.7,448503.78,1454.29,34.2,69.0,143000.0,73.2,47,9,19.15,1311,9.7,2.3,11,1.14,1
CUST00900,39.7,1977229.95,4150.36,30.7,48.0,1835000.0,54.9,190,15,7.89,388,9.71,17.8,6,16.14,0
CUST00901,44.8,1074685.99,1999.04,27.7,50.0,1246000.0,118.8,50,7,14.0,1054,13.01,20.1,26,16.56,1
CUST00902,8.8,2337950.55,22139.68,57.7,58.0,161000.0,81.2,138,15,10.87,1795,8.01,19.6,30,13.0,1
CUST00903,6.9,3894152.82,47030.83,38.8,82.0,145000.0,57.7,190,3,1.58,629,16.33,20.7,23,38.44,1
CUST00904,36.1,2582220.51,5960.8,39.0,74.0,336000.0,17.5,72,12,16.67,1720,11.81,19.8,23,8.45,1
CUST00905,17.7,4569224.22,21512.36,47.7,63.0,285000.0,77.0,23,3,13.04,1482,10.09,6.1,8,17.12,1
CUST00906,17.2,2279361.98,11043.42,15.5,44.0,168000.0,16.8,138,9,6.52,83,4.81,9.3,11,35.69,0
CUST00907,36.1,2859817.65,6601.61,18.3,91.0,1379000.0,18.5,182,8,4.4,330,12.35,21.5,8,31.84,0
CUST00908,11.4,1549635.01,11327.74,35.1,57.0,1470000.0,89.5,137,12,8.76,1006,12.56,4.3,11,32.19,1
CUST00909,25.6,2640520.22,8595.44,22.7,113.0,1332000.0,104.5,128,5,3.91,1021,17.99,0.4,30,3.24,0
CUST00910,11.1,792938.18,5952.99,36.5,97.0,327000.0,23.6,132,14,10.61,1196,18.3,22.7,26,37.31,1
CUST00911,39.6,4495766.63,9460.79,44.5,72.0,162000.0,75.2,89,16,17.98,167,5.79,24.0,27,37.06,1
CUST00912,48.6,327075.26,560.83,34.0,55.0,587000.0,88.7,181,15,8.29,497,13.95,11.4,1,48.97,1
CUST00913,14.6,3728396.73,21280.8,44.0,114.0,1822000.0,15.9,82,1,1.22,455,4.94,14.6,18,23.86,0
CUST00914,44.2,302859.86,571.0,47.4,53.0,1009000.0,53.0,126,6,4.76,234,11.08,5.4,15,15.0,0
CUST00915,22.1,4529694.76,17080.3,43.2,77.0,1321000.0,70.7,167,29,17.37,31,5.41,10.2,8,24.63,1
CUST00916,25.9,2595291.16,8350.36,57.1,76.0,1748000.0,29.9,75,9,12.0,1311,9.08,24.4,30,9.11,0
CUST00917,44.8,2572262.25,4784.71,29.7,46.0,1545000.0,80.8,29,3,10.34,731,12.94,13.5,5,9.68,0
CUST00918,12.4,1570641.68,10555.39,18.3,96.0,997000.0,82.2,161,13,8.07,1199,13.6,8.1,6,38.32,1
CUST00919,42.8,3070109.99,5977.63,9.4,115.0,1964000.0,78.4,111,8,7.21,498,18.69,11.8,27,41.72,0
CUST00920,16.0,3647212.7,18995.9,49.8,72.0,685000.0,67.6,200,26,13.0,41,15.36,10.1,30,20.44,1
CUST00921,7.9,2311604.1,24384.01,16.5,101.0,484000.0,79.4,70,4,5.71,1735,7.78,8.0,25,19.12,0
CUST00922,37.2,3997499.35,8954.97,37.1,74.0,621000.0,8.9,46,5,10.87,1510,9.85,18.0,15,47.6,1
CUST00923,39.3,1980811.93,4200.19,57.6,102.0,575000.0,118.4,155,24,15.48,151,2.48,16.0,8,26.89,1
CUST00924,14.9,2385612.29,13342.35,52.9,58.0,1957000.0,87.9,43,2,4.65,1237,6.33,5.0,2,21.91,0
CUST00925,27.8,3320419.39,9953.3,33.4,104.0,1410000.0,16.9,22,2,9.09,1777,7.54,19.3,23,44.23,1
CUST00926,23.9,2330978.27,8127.54,20.0,88.0,1438000.0,30.6,196,1,0.51,317,2.82,10.3,12,40.3,0
CUST00927,41.8,348417.47,694.61,59.4,82.0,1175000.0,119.5,134,25,18.66,699,15.91,12.3,18,16.69,1
CUST00928,4.7,506110.43,8973.59,33.5,43.0,401000.0,61.6,27,4,14.81,989,12.4,24.8,24,3.65,1
CUST00929,41.1,2355290.07,4775.53,53.4,120.0,389000.0,39.7,51,10,19.61,1208,7.13,13.2,22,36.97,1
CUST00930,44.6,2037257.04,3806.53,17.6,81.0,841000.0,1.0,87,13,14.94,338,5.55,5.6,21,38.39,1
CUST00931,33.0,1041641.18,2630.41,49.3,115.0,1797000.0,85.8,152,4,2.63,416,15.57,5.2,5,5.04,0
CUST00932,47.3,245290.31,432.15,7.6,47.0,232000.0,104.5,63,10,15.87,457,4.43,4.1,8,11.65,1
CUST00933,38.8,185117.38,397.59,52.7,116.0,334000.0,113.8,11,1,9.09,1553,17.16,5.2,1,22.34,1
CUST00934,11.1,1933499.2,14515.76,48.9,56.0,433000.0,109.6,190,33,17.37,279,3.68,5.2,30,24.46,1
CUST00935,37.7,1618553.93,3577.71,11.5,118.0,1620000.0,43.2,70,8,11.43,259,18.93,0.4,12,40.17,0
CUST00936,43.0,1805671.44,3499.36,56.7,110.0,925000.0,101.7,81,7,8.64,1466,2.15,16.1,12,43.8,1
CUST00937,48.2,3661664.1,6330.68,53.8,57.0,1710000.0,21.3,7,0,0.0,1092,3.54,17.4,24,1.95,0
CUST00938,11.3,3712253.61,27376.5,17.6,81.0,1664000.0,50.3,49,8,16.33,340,14.97,20.3,5,18.25,1
CUST00939,39.5,198401.63,418.57,12.2,56.0,809000.0,101.0,164,20,12.2,88,15.77,8.3,28,23.53,1
CUST00940,8.1,2067888.83,21274.58,32.4,99.0,1473000.0,20.4,30,0,0.0,744,18.0,2.3,2,5.62,0
CUST00941,49.2,4287895.11,7262.69,32.2,44.0,1246000.0,76.4,84,15,17.86,991,18.04,6.4,10,32.82,1
CUST00942,31.1,3595760.7,9634.94,28.7,97.0,1719000.0,23.6,61,8,13.11,295,16.21,3.6,21,4.11,0
CUST00943,20.8,4440243.72,17789.44,6.3,32.0,451000.0,79.1,89,14,15.73,1398,12.02,12.9,28,13.34,0
CUST00944,17.1,1905114.96,9284.19,8.7,91.0,1716000.0,89.8,103,20,19.42,128,15.99,24.5,0,7.15,0
CUST00945,39.9,851331.76,1778.05,19.4,77.0,1019000.0,41.3,165,25,15.15,955,19.86,11.3,8,27.29,0
CUST00946,14.7,3854129.71,21848.81,55.4,77.0,1796000.0,30.6,129,24,18.6,1154,9.4,2.4,27,17.12,1
CUST00947,4.1,1858840.11,37781.3,38.5,117.0,340000.0,27.3,122,3,2.46,276,11.23,7.4,27,17.38,0
CUST00948,28.1,4700765.7,13940.59,58.0,118.0,447000.0,98.4,135,6,4.44,320,16.88,5.5,0,9.93,1
CUST00949,26.8,3910691.58,12160.11,33.8,80.0,189000.0,64.0,143,7,4.9,1450,18.97,13.3,11,7.94,0
CUST00950,32.1,4301757.03,11167.59,13.6,113.0,1461000.0,64.9,161,27,16.77,1787,4.44,1.2,30,20.04,0
CUST00951,26.6,2135257.5,6689.4,28.6,58.0,1471000.0,36.0,24,2,8.33,1480,11.34,7.8,29,36.67,0
CUST00952,4.3,3788089.35,73412.58,8.4,62.0,404000.0,116.7,67,6,8.96,1640,3.61,10.5,18,9.67,0
CUST00953,4.5,4818618.85,89233.68,16.6,109.0,335000.0,88.8,177,9,5.08,451,9.15,16.8,24,16.37,1
CUST00954,26.5,2644992.73,8317.59,46.3,90.0,541000.0,52.6,36,7,19.44,344,1.87,24.5,29,36.0,1
CUST00955,47.5,252809.58,443.53,50.3,68.0,1291000.0,51.1,48,7,14.58,1583,6.18,13.1,2,49.88,1
CUST00956,30.4,1844619.44,5056.52,52.2,97.0,1690000.0,115.6,112,1,0.89,1336,2.55,19.2,26,36.2,1
CUST00957,13.3,2563726.58,16063.45,25.2,104.0,1968000.0,10.0,30,5,16.67,1680,9.97,14.6,7,29.55,0
CUST00958,6.1,3915563.54,53491.31,42.5,86.0,1691000.0,45.1,137,27,19.71,1397,7.96,15.0,18,41.91,1
CUST00959,5.8,519822.15,7468.71,58.0,73.0,1202000.0,85.1,159,26,16.35,1699,8.18,18.6,11,32.35,1
CUST00960,23.6,4323885.77,15267.96,2.2,49.0,1630000.0,89.3,115,21,18.26,82,4.71,4.5,20,47.3,0
CUST00961,46.1,4019381.47,7265.69,43.7,109.0,582000.0,98.2,93,11,11.83,539,5.89,19.6,10,22.91,1
CUST00962,13.9,3978523.07,23852.06,12.6,95.0,1140000.0,38.6,107,11,10.28,1629,16.4,21.1,27,4.44,0
CUST00963,27.4,4035520.61,12273.48,58.0,78.0,681000.0,109.7,28,5,17.86,861,6.6,12.4,5,37.83,1
CUST00964,42.9,2452931.12,4764.82,20.2,64.0,787000.0,19.1,48,5,10.42,62,2.67,14.5,29,25.31,0
CUST00965,15.5,2821610.24,15169.95,10.7,78.0,244000.0,11.2,187,25,13.37,1775,5.64,17.9,17,17.69,0
CUST00966,19.9,4232796.98,17725.28,44.2,111.0,1617000.0,73.6,26,2,7.69,490,9.13,1.0,17,7.75,1
CUST00967,2.3,1161119.58,42069.55,41.7,59.0,1763000.0,52.8,60,2,3.33,55,6.29,24.1,27,30.61,1
CUST00968,21.3,2778569.46,10870.77,34.1,70.0,1711000.0,69.7,165,24,14.55,1559,5.6,19.9,11,40.17,1
CUST00969,19.1,4505261.66,19656.46,56.2,77.0,778000.0,115.0,39,5,12.82,1791,16.64,17.6,25,26.91,1
CUST00970,49.1,3931882.12,6673.26,30.4,73.0,696000.0,96.9,159,14,8.81,1504,7.29,17.6,17,41.05,1
CUST00971,14.2,4191236.38,24596.46,27.6,68.0,1223000.0,7.8,48,0,0.0,1176,9.25,16.3,28,17.38,0
CUST00972,8.2,3425934.7,34816.41,3.9,87.0,1183000.0,113.7,191,1,0.52,1491,12.16,10.8,24,47.14,1
CUST00973,11.5,2287953.03,16579.37,32.3,91.0,728000.0,68.4,135,13,9.63,325,15.44,24.5,18,15.72,0
CUST00974,30.9,3574962.88,9641.22,21.5,33.0,1957000.0,73.7,140,13,9.29,1525,3.64,4.9,19,38.69,1
CUST00975,42.0,195963.4,388.82,55.7,103.0,730000.0,11.3,108,18,16.67,1465,19.01,9.7,13,19.06,1
CUST00976,42.5,955798.51,1874.11,18.7,37.0,918000.0,30.2,28,1,3.57,563,8.33,5.7,20,31.65,0
CUST00977,37.8,2643143.01,5827.03,1.2,73.0,1966000.0,7.1,100,3,3.0,375,0.53,24.6,0,0.23,0
CUST00978,2.4,4530467.98,157307.92,33.8,108.0,1916000.0,22.6,163,31,19.02,402,10.94,24.4,3,43.6,1
CUST00979,30.4,2891225.81,7925.51,53.5,100.0,1771000.0,21.3,43,7,16.28,92,12.63,23.4,28,47.9,1
CUST00980,40.6,1592743.47,3269.18,17.5,53.0,443000.0,62.2,30,3,10.0,425,12.27,24.9,29,16.87,0
CUST00981,33.3,4167262.12,10428.58,47.0,116.0,1371000.0,7.9,68,5,7.35,319,5.17,20.4,6,39.7,1
CUST00982,3.9,4912610.88,104970.32,28.8,106.0,1353000.0,90.6,156,6,3.85,1766,10.64,16.6,10,45.59,1
CUST00983,35.4,2632280.45,6196.52,45.4,93.0,637000.0,16.3,200,12,6.0,629,18.91,10.7,13,18.85,0
CUST00984,25.1,1641496.77,5449.86,29.0,64.0,1045000.0,94.4,78,1,1.28,1110,16.71,4.7,2,15.36,0
CUST00985,45.1,2736795.81,5056.9,38.5,99.0,1115000.0,5.7,82,12,14.63,415,7.36,13.4,26,41.27,1
CUST00986,37.2,2643722.97,5922.32,10.7,51.0,1428000.0,109.3,30,3,10.0,410,17.9,17.8,2,35.7,1
CUST00987,29.0,3084434.37,8863.32,2.7,47.0,1811000.0,14.0,79,0,0.0,522,13.36,22.9,10,49.22,0
CUST00988,41.5,1890329.7,3795.84,50.3,53.0,369000.0,29.5,176,16,9.09,895,13.77,17.8,28,31.31,1
CUST00989,44.1,3696336.16,6984.76,16.4,88.0,890000.0,49.6,76,6,7.89,1702,15.69,6.3,0,31.33,0
CUST00990,35.1,2273184.61,5396.92,39.8,58.0,1311000.0,13.8,130,2,1.54,405,10.97,4.2,23,12.82,0
CUST00991,46.6,2021112.46,3614.29,32.2,57.0,1183000.0,13.0,35,6,17.14,1715,17.77,5.1,2,27.74,1
CUST00992,7.2,4978014.39,57615.91,28.1,38.0,534000.0,100.0,52,1,1.92,1591,14.03,1.7,13,30.77,1
CUST00993,8.0,3005157.31,31303.72,2.5,112.0,1557000.0,22.7,58,11,18.97,681,1.35,0.4,4,17.07,1
CUST00994,46.2,1783080.23,3216.23,12.0,82.0,843000.0,18.4,79,2,2.53,491,4.09,4.9,21,36.06,0
CUST00995,22.6,4224940.4,15578.69,36.1,60.0,406000.0,65.7,86,1,1.16,258,13.85,10.2,17,0.87,0
CUST00996,36.5,1642198.49,3749.31,2.3,108.0,1400000.0,0.7,5,0,0.0,1696,8.06,14.2,27,11.23,0
CUST00997,28.6,415923.86,1211.9,38.9,113.0,1881000.0,77.4,77,12,15.58,950,18.25,5.9,15,30.63,1
CUST00998,49.4,2302172.19,3883.56,55.2,65.0,1119000.0,43.2,41,4,9.76,1334,14.75,24.1,12,49.96,1
CUST00999,19.0,153638.77,673.85,48.3,59.0,974000.0,85.3,143,27,18.88,494,19.76,3.1,20,17.65,1
CUST01000,21.6,2117741.85,8170.3,44.0,78.0,838000.0,43.6,88,12,13.64,302,14.6,5.1,6,35.63,1
